strike,lastPrice,bid,ask,impliedVolatility,ticker,expiration_date
170,9.75,9.55,9.9,0.384771777,AAPL,18/08/2023
172.5,7.1,7.1,7.45,0.319342744,AAPL,18/08/2023
175,4.93,4.8,5,0.246589565,AAPL,18/08/2023
177.5,2.9,2.85,2.93,0.213630911,AAPL,18/08/2023
180,1.35,1.34,1.35,0.191414336,AAPL,18/08/2023
182.5,0.47,0.46,0.47,0.181648809,AAPL,18/08/2023
185,0.13,0.12,0.13,0.180672256,AAPL,18/08/2023
187.5,0.04,0.03,0.04,0.191414336,AAPL,18/08/2023
170,9.65,10.05,10.2,0.292243406,AAPL,25/08/2023
172.5,7.37,7.75,8,0.271979937,AAPL,25/08/2023
175,5.65,5.65,5.75,0.234626794,AAPL,25/08/2023
177.5,3.85,3.8,3.9,0.21778126,AAPL,25/08/2023
180,2.34,2.33,2.36,0.20166814,AAPL,25/08/2023
182.5,1.26,1.26,1.28,0.191902612,AAPL,25/08/2023
185,0.59,0.59,0.6,0.184334329,AAPL,25/08/2023
187.5,0.26,0.26,0.27,0.183846052,AAPL,25/08/2023
160,19.78,19.95,20.45,0.429693203,AAPL,01/09/2023
165,15.2,15.25,15.55,0.355963472,AAPL,01/09/2023
170,10.15,10.4,10.85,0.293952373,AAPL,01/09/2023
175,6.34,6.35,6.45,0.236335762,AAPL,01/09/2023
180,3.15,3.1,3.15,0.208626078,AAPL,01/09/2023
185,1.14,1.06,1.15,0.191902612,AAPL,01/09/2023
190,0.32,0.31,0.32,0.185310881,AAPL,01/09/2023
195,0.1,0.1,0.11,0.198250205,AAPL,01/09/2023
155,23.87,25.1,25.55,0.451421501,AAPL,08/09/2023
160,20.5,20.2,20.65,0.388677988,AAPL,08/09/2023
165,15.05,15.35,15.85,0.331061377,AAPL,08/09/2023
170,10.7,10.8,11.2,0.276618562,AAPL,08/09/2023
175,6.6,6.85,6.95,0.23120886,AAPL,08/09/2023
180,3.65,3.6,3.7,0.207161249,AAPL,08/09/2023
185,1.48,1.47,1.56,0.190071576,AAPL,08/09/2023
190,0.5,0.49,0.5,0.178963289,AAPL,08/09/2023
155,25.26,25.4,25.75,0.420904229,AAPL,15/09/2023
160,20.45,20.6,21,0.375250388,AAPL,15/09/2023
165,15.56,15.85,16.2,0.319586882,AAPL,15/09/2023
170,11.5,11.45,11.6,0.269904762,AAPL,15/09/2023
175,7.55,7.5,7.65,0.240547145,AAPL,15/09/2023
180,4.4,4.35,4.4,0.216377465,AAPL,15/09/2023
185,2.14,2.12,2.14,0.199592965,AAPL,15/09/2023
190,0.84,0.82,0.86,0.188484678,AAPL,15/09/2023
312.5,10.5,10.5,11.95,0.23926542,MSFT,18/08/2023
315,9.35,8.45,9.55,0.212898496,MSFT,18/08/2023
317.5,6.95,7.2,7.5,0.215584016,MSFT,18/08/2023
320,5.5,4.7,5.6,0.211433667,MSFT,18/08/2023
322.5,4,3.95,4,0.210090907,MSFT,18/08/2023
325,2.68,2.62,2.75,0.211677805,MSFT,18/08/2023
327.5,1.75,1.74,1.8,0.213020565,MSFT,18/08/2023
330,1.09,1.09,1.1,0.212654358,MSFT,18/08/2023
315,10.68,10.5,11.55,0.258430267,MSFT,25/08/2023
317.5,9.3,9.55,9.75,0.254890264,MSFT,25/08/2023
320,7.95,7.95,8.1,0.251594398,MSFT,25/08/2023
322.5,6.5,6.5,6.75,0.254401987,MSFT,25/08/2023
325,5.1,5.2,5.35,0.247810256,MSFT,25/08/2023
327.5,4.15,4.1,4.2,0.24463646,MSFT,25/08/2023
330,3.15,3.15,3.25,0.242866458,MSFT,25/08/2023
332.5,2.48,2.41,2.5,0.243049562,MSFT,25/08/2023
300,25.4,24.25,25.6,0.311042046,MSFT,01/09/2023
305,19.83,19.85,21.15,0.294074442,MSFT,01/09/2023
310,16.2,15.8,16.9,0.277106838,MSFT,01/09/2023
315,12.4,12.1,13.15,0.268623036,MSFT,01/09/2023
320,9.6,8.85,9.9,0.263129927,MSFT,01/09/2023
325,6.5,6.5,7.1,0.256294058,MSFT,01/09/2023
330,4.56,4.7,5,0.255744747,MSFT,01/09/2023
335,3.05,2.76,3.15,0.245735082,MSFT,01/09/2023
305,19.95,19.95,22.45,0.305671006,MSFT,08/09/2023
310,17,15.55,18.6,0.298102722,MSFT,08/09/2023
315,13.75,12,15,0.288825471,MSFT,08/09/2023
320,10.6,10.75,12.05,0.288764437,MSFT,08/09/2023
325,7.8,7.85,8.1,0.248054395,MSFT,08/09/2023
330,5.5,5.7,5.9,0.245613013,MSFT,08/09/2023
335,4,4,5.8,0.29566134,MSFT,08/09/2023
340,2.76,2.75,3.05,0.249824396,MSFT,08/09/2023
300,26.3,26.85,27.6,0.318549295,MSFT,15/09/2023
305,22.16,22.65,23.35,0.301947899,MSFT,15/09/2023
310,18.35,18.7,19.25,0.284369949,MSFT,15/09/2023
315,14.75,15.3,15.45,0.268928209,MSFT,15/09/2023
320,12.09,12.05,12.25,0.261543029,MSFT,15/09/2023
325,9.4,9.35,9.45,0.254920781,MSFT,15/09/2023
330,7,7,7.15,0.250984053,MSFT,15/09/2023
335,5.17,5.2,5.25,0.247138876,MSFT,15/09/2023
137,4.15,4.05,4.2,0.294196511,AMZN,18/08/2023
138,3.36,3.3,3.45,0.291266853,AMZN,18/08/2023
139,2.67,2.67,2.71,0.278571667,AMZN,18/08/2023
140,2.03,2.02,2.05,0.267097173,AMZN,18/08/2023
141,1.48,1.47,1.5,0.259528889,AMZN,18/08/2023
142,1.05,1.04,1.05,0.252937158,AMZN,18/08/2023
143,0.71,0.7,0.72,0.250739915,AMZN,18/08/2023
144,0.46,0.46,0.48,0.2500075,AMZN,18/08/2023
136,5.35,5.8,5.95,0.315192395,AMZN,25/08/2023
137,5.15,5.1,5.2,0.308112388,AMZN,25/08/2023
138,4.4,4.4,4.5,0.302131002,AMZN,25/08/2023
139,3.77,3.75,3.85,0.296637893,AMZN,25/08/2023
140,3.2,3.2,3.25,0.291266853,AMZN,25/08/2023
141,2.65,2.64,2.68,0.283698569,AMZN,25/08/2023
142,2.15,2.15,2.2,0.279670289,AMZN,25/08/2023
143,1.75,1.75,1.78,0.276008217,AMZN,25/08/2023
137,5.91,5.85,6,0.313727566,AMZN,01/09/2023
138,5.2,5.2,5.3,0.306159282,AMZN,01/09/2023
139,4.63,4.55,4.7,0.3037179,AMZN,01/09/2023
140,4.01,4,4.1,0.29834686,AMZN,01/09/2023
141,3.5,3.45,3.55,0.293464097,AMZN,01/09/2023
142,2.98,2.97,3.05,0.289435817,AMZN,01/09/2023
143,2.49,2.52,2.59,0.285041329,AMZN,01/09/2023
144,2.15,2.12,2.19,0.281989602,AMZN,01/09/2023
137,6.4,6.4,6.55,0.307502042,AMZN,08/09/2023
138,5.75,5.75,5.85,0.299933759,AMZN,08/09/2023
139,5.2,5.15,5.25,0.297126169,AMZN,08/09/2023
140,4.59,4.6,4.75,0.298590999,AMZN,08/09/2023
141,4.05,4,4.15,0.291022715,AMZN,08/09/2023
142,3.25,3.5,3.65,0.287726849,AMZN,08/09/2023
143,2.75,3.05,3.15,0.281867533,AMZN,08/09/2023
144,2.67,2.66,2.75,0.280280635,AMZN,08/09/2023
130,12.38,12.3,12.45,0.349249672,AMZN,15/09/2023
132.5,10.35,10.25,10.45,0.335944141,AMZN,15/09/2023
135,8.5,8.4,8.55,0.321173781,AMZN,15/09/2023
137.5,6.69,6.75,6.8,0.307013766,AMZN,15/09/2023
140,5.3,5.2,5.3,0.297736515,AMZN,15/09/2023
142.5,4,3.95,4.05,0.291877198,AMZN,15/09/2023
145,2.92,2.92,2.94,0.282355809,AMZN,15/09/2023
147.5,2.06,2.06,2.1,0.277228907,AMZN,15/09/2023
427.5,15.3,15,15.55,0.481511533,NVDA,18/08/2023
430,13.63,13.45,13.75,0.469853934,NVDA,18/08/2023
432.5,12.07,11.95,12.2,0.466436,NVDA,18/08/2023
435,10.58,10.6,10.7,0.460576683,NVDA,18/08/2023
437.5,9.3,9.2,9.35,0.45703668,NVDA,18/08/2023
440,8.1,8,8.15,0.455571851,NVDA,18/08/2023
442.5,7.04,6.8,7.1,0.456426334,NVDA,18/08/2023
445,6,5.95,6.05,0.452031847,NVDA,18/08/2023
427.5,31.55,31.6,31.85,0.844911219,NVDA,25/08/2023
430,30.4,30.3,30.7,0.84747467,NVDA,25/08/2023
432.5,29.2,29.05,29.25,0.844850184,NVDA,25/08/2023
435,27.89,27.8,28,0.844178804,NVDA,25/08/2023
437.5,26.6,26.6,26.8,0.843995701,NVDA,25/08/2023
440,25.52,25.45,25.65,0.844178804,NVDA,25/08/2023
442.5,24.4,24.35,24.5,0.843995701,NVDA,25/08/2023
445,23.45,23.25,23.45,0.844178804,NVDA,25/08/2023
420,38.35,38.2,38.65,0.739321454,NVDA,01/09/2023
425,35.18,35.35,35.9,0.737856625,NVDA,01/09/2023
430,33,33,33.25,0.74060318,NVDA,01/09/2023
435,30.52,30.5,30.75,0.739809731,NVDA,01/09/2023
440,28.15,27.95,28.35,0.736208693,NVDA,01/09/2023
445,25.8,25.9,26.6,0.743746459,NVDA,01/09/2023
450,23.85,23.8,24,0.736696969,NVDA,01/09/2023
455,21.5,21.85,22.05,0.736452831,NVDA,01/09/2023
415,42.4,42.8,43.35,0.672915869,NVDA,08/09/2023
420,38.55,40.2,40.5,0.675479319,NVDA,08/09/2023
425,37.45,37.1,37.7,0.670108279,NVDA,08/09/2023
430,34.68,34.6,35.05,0.670230349,NVDA,08/09/2023
435,32.21,32,32.55,0.668094139,NVDA,08/09/2023
440,30,29.7,30.1,0.666965,NVDA,08/09/2023
445,27.09,27.65,27.9,0.668521381,NVDA,08/09/2023
450,25.12,25.55,26.1,0.671176384,NVDA,08/09/2023
420,42.6,42.4,42.65,0.643100493,NVDA,15/09/2023
425,39.65,39.65,39.85,0.640994801,NVDA,15/09/2023
430,37.1,37.05,37.25,0.639957214,NVDA,15/09/2023
435,34.6,34.5,34.7,0.637637901,NVDA,15/09/2023
440,32.18,32.15,32.35,0.636874969,NVDA,15/09/2023
445,29.95,29.9,30.1,0.635776347,NVDA,15/09/2023
450,27.85,27.75,27.9,0.633914794,NVDA,15/09/2023
455,25.8,25.75,25.95,0.63373169,NVDA,15/09/2023
128,3.55,3.75,3.85,0.278815806,GOOGL,18/08/2023
129,2.95,2.92,3.05,0.267585449,GOOGL,18/08/2023
130,2.2,2.16,2.25,0.24463646,GOOGL,18/08/2023
131,1.57,1.55,1.6,0.233406104,GOOGL,18/08/2023
132,1.05,1.02,1.06,0.222664023,GOOGL,18/08/2023
133,0.64,0.63,0.65,0.213875049,GOOGL,18/08/2023
134,0.35,0.35,0.38,0.210212976,GOOGL,18/08/2023
135,0.2,0.19,0.2,0.205086074,GOOGL,18/08/2023
128,4.42,4.6,4.7,0.289557886,GOOGL,25/08/2023
129,3.62,3.85,3.95,0.278571667,GOOGL,25/08/2023
130,3.13,3.2,3.3,0.272956489,GOOGL,25/08/2023
131,2.64,2.63,2.67,0.263679238,GOOGL,25/08/2023
132,2.11,2.09,2.15,0.25940682,GOOGL,25/08/2023
133,1.62,1.63,1.67,0.252448882,GOOGL,25/08/2023
134,1.27,1.24,1.28,0.248054395,GOOGL,25/08/2023
135,0.92,0.92,0.95,0.243171631,GOOGL,25/08/2023
128,4.99,4.7,5.4,0.295295133,GOOGL,01/09/2023
129,4.5,4.6,4.7,0.287848918,GOOGL,01/09/2023
130,3.83,3.95,4.05,0.281135118,GOOGL,01/09/2023
131,3.4,3.35,3.7,0.295905479,GOOGL,01/09/2023
132,2.85,2.65,3.25,0.29834686,GOOGL,01/09/2023
133,2.39,1.81,2.86,0.302131002,GOOGL,01/09/2023
134,1.86,1.41,2.44,0.299811689,GOOGL,01/09/2023
135,1.48,1.58,2,0.291755129,GOOGL,01/09/2023
128,5.51,5.75,5.85,0.287238573,GOOGL,08/09/2023
129,5.05,4.5,5.2,0.283210293,GOOGL,08/09/2023
130,4.5,4.45,4.55,0.276618562,GOOGL,08/09/2023
131,3.9,3.85,4.4,0.303107555,GOOGL,08/09/2023
132,3.2,3.3,3.5,0.272956489,GOOGL,08/09/2023
133,2.63,2.55,3.35,0.293586166,GOOGL,08/09/2023
134,2.36,1.85,2.45,0.256965438,GOOGL,08/09/2023
135,1.91,2.01,2.05,0.253303365,GOOGL,08/09/2023
122.5,10.54,10.5,10.8,0.344733115,GOOGL,15/09/2023
125,8.45,8.45,8.65,0.314948257,GOOGL,15/09/2023
127.5,6.6,6.65,6.75,0.295295133,GOOGL,15/09/2023
130,5.04,5.05,5.1,0.281013049,GOOGL,15/09/2023
132.5,3.65,3.65,3.7,0.269172347,GOOGL,15/09/2023
135,2.5,2.53,2.57,0.259773027,GOOGL,15/09/2023
137.5,1.7,1.69,1.72,0.253425435,GOOGL,15/09/2023
140,1.11,1.09,1.12,0.2500075,GOOGL,15/09/2023
128,4.18,4.15,4.3,0.290046162,GOOG,18/08/2023
129,3.3,3.3,3.45,0.273688904,GOOG,18/08/2023
130,2.58,2.55,2.6,0.24732198,GOOG,18/08/2023
131,1.9,1.86,1.93,0.240730249,GOOG,18/08/2023
132,1.31,1.28,1.33,0.229499893,GOOG,18/08/2023
133,0.83,0.82,0.83,0.215828154,GOOG,18/08/2023
134,0.47,0.47,0.5,0.210945391,GOOG,18/08/2023
135,0.26,0.26,0.27,0.204597798,GOOG,18/08/2023
128,4.59,3.55,5.3,0.319831021,GOOG,25/08/2023
129,4.06,4.2,4.35,0.286384089,GOOG,25/08/2023
130,3.4,2.8,3.65,0.27820546,GOOG,25/08/2023
131,2.9,2.85,2.98,0.267585449,GOOG,25/08/2023
132,2.34,2.29,2.5,0.270759246,GOOG,25/08/2023
133,1.8,0.86,1.9,0.254890264,GOOG,25/08/2023
134,1.45,1.36,1.5,0.252937158,GOOG,25/08/2023
135,1.08,1.03,1.1,0.243904045,GOOG,25/08/2023
128,5.66,4.25,6.25,0.342535872,GOOG,01/09/2023
129,4.8,4.2,5.05,0.290778577,GOOG,01/09/2023
130,4.15,2.84,4.4,0.285895813,GOOG,01/09/2023
131,3.7,2.04,3.75,0.277473046,GOOG,01/09/2023
132,3.05,2.3,3.2,0.273566835,GOOG,01/09/2023
133,2.42,1.61,2.66,0.266364758,GOOG,01/09/2023
134,1.93,1.15,2.68,0.302863417,GOOG,01/09/2023
135,1.77,0.76,1.8,0.25806406,GOOG,01/09/2023
127,6.4,5.35,7,0.300910311,GOOG,08/09/2023
128,5.85,5.15,6.25,0.292853751,GOOG,08/09/2023
129,5.3,3.9,5.55,0.286384089,GOOG,08/09/2023
130,4.8,2.81,4.9,0.281013049,GOOG,08/09/2023
131,4.07,2.85,4.75,0.308966871,GOOG,08/09/2023
132,3.25,3.6,3.7,0.269416486,GOOG,08/09/2023
133,3.1,1.19,3.2,0.266364758,GOOG,08/09/2023
134,2.14,1.63,3.2,0.296515824,GOOG,08/09/2023
122.5,10.75,8.5,11.95,0.406866283,GOOG,15/09/2023
125,8.63,8.85,9.05,0.317999984,GOOG,15/09/2023
127.5,7,7,7.15,0.300299966,GOOG,15/09/2023
130,5.35,5.3,5.45,0.285041329,GOOG,15/09/2023
132.5,3.9,3.85,4,0.272956489,GOOG,15/09/2023
135,2.69,2.4,3.1,0.281745464,GOOG,15/09/2023
137.5,1.77,1.8,1.89,0.255134402,GOOG,15/09/2023
140,1.22,1.18,1.25,0.251960605,GOOG,15/09/2023
230,11.1,11,11.35,0.459233923,TSLA,18/08/2023
232.5,9,9.1,9.35,0.443120803,TSLA,18/08/2023
235,7.35,7.35,7.5,0.428228374,TSLA,18/08/2023
237.5,5.79,5.7,5.9,0.420415952,TSLA,18/08/2023
240,4.42,4.3,4.45,0.407964905,TSLA,18/08/2023
242.5,3.25,3.2,3.3,0.40320421,TSLA,18/08/2023
245,2.35,2.33,2.35,0.396978687,TSLA,18/08/2023
247.5,1.63,1.61,1.65,0.395757996,TSLA,18/08/2023
230,13.11,13.35,13.6,0.457158749,TSLA,25/08/2023
232.5,11.5,11.6,11.85,0.449712534,TSLA,25/08/2023
235,10.02,9.95,10.15,0.438726316,TSLA,25/08/2023
237.5,8.45,8.5,8.7,0.43555252,TSLA,25/08/2023
240,7.2,7.15,7.2,0.421880781,TSLA,25/08/2023
242.5,6,5.95,6.05,0.420782159,TSLA,25/08/2023
245,4.9,4.85,5,0.417852501,TSLA,25/08/2023
247.5,4,3.95,4.05,0.412847668,TSLA,25/08/2023
215,26.9,27.05,27.55,0.514653291,TSLA,01/09/2023
220,21.95,22.85,23.35,0.511357426,TSLA,01/09/2023
225,18.05,18.9,19.45,0.49463396,TSLA,01/09/2023
230,15.2,15.3,15.8,0.476689803,TSLA,01/09/2023
235,12.15,11.8,12.6,0.464910136,TSLA,01/09/2023
240,9.39,9.3,9.6,0.445318047,TSLA,01/09/2023
245,6.91,6.95,7.45,0.446660807,TSLA,01/09/2023
250,5.15,5.1,5.25,0.426641476,TSLA,01/09/2023
220,23.65,23.95,24.65,0.504521556,TSLA,08/09/2023
225,19.8,20.15,20.85,0.48792016,TSLA,08/09/2023
230,16.4,16.7,17.4,0.475713251,TSLA,08/09/2023
235,13.4,13.55,14.25,0.463811514,TSLA,08/09/2023
240,10.8,10.8,11,0.43555252,TSLA,08/09/2023
245,8.45,8,8.6,0.427312856,TSLA,08/09/2023
250,6.53,6.45,6.65,0.422979403,TSLA,08/09/2023
255,4.8,4.85,5.05,0.41931733,TSLA,08/09/2023
225,21.5,21.35,22,0.479131185,TSLA,15/09/2023
226.67,19.67,20.2,20.8,0.473699111,TSLA,15/09/2023
230,18.5,18.05,18.5,0.463323238,TSLA,15/09/2023
233.33,16,16.25,16.45,0.457891163,TSLA,15/09/2023
235,15.24,15.25,15.45,0.454473229,TSLA,15/09/2023
240,12.55,12.55,12.7,0.445806323,TSLA,15/09/2023
241.67,11.37,11.7,11.9,0.444707701,TSLA,15/09/2023
245,10.05,10.15,10.35,0.440557352,TSLA,15/09/2023
108,3.8,3.8,3.95,0.16797707,XOM,18/08/2023
109,2.78,2.79,2.99,0.158211543,XOM,18/08/2023
110,1.8,1.83,2,0.119149434,XOM,18/08/2023
111,1.2,1.2,1.21,0.124520474,XOM,18/08/2023
112,0.73,0.69,0.75,0.150887397,XOM,18/08/2023
113,0.41,0.41,0.44,0.167000518,XOM,18/08/2023
114,0.22,0.21,0.23,0.174324663,XOM,18/08/2023
115,0.13,0.12,0.13,0.187508125,XOM,18/08/2023
108,3.77,3.8,4,0.132332896,XOM,25/08/2023
109,3,3,3.15,0.143074976,XOM,25/08/2023
110,2.33,2.38,2.47,0.160652925,XOM,25/08/2023
111,1.75,1.79,1.87,0.168709485,XOM,25/08/2023
112,1.35,1.31,1.37,0.174080525,XOM,25/08/2023
113,0.98,0.92,0.98,0.178963289,XOM,25/08/2023
114,0.65,0.65,0.68,0.183113638,XOM,25/08/2023
115,0.43,0.43,0.45,0.185066743,XOM,25/08/2023
108,4.25,4.25,4.4,0.179939841,XOM,01/09/2023
109,3.21,3.5,3.65,0.182137085,XOM,01/09/2023
110,2.87,2.89,3,0.18677571,XOM,01/09/2023
111,2.27,2.31,2.45,0.192757096,XOM,01/09/2023
112,1.77,1.8,1.87,0.187386056,XOM,01/09/2023
113,1.38,1.37,1.44,0.188728816,XOM,01/09/2023
114,1.05,1.03,1.09,0.190315714,XOM,01/09/2023
115,0.78,0.75,0.82,0.192879165,XOM,01/09/2023
107,5.2,5.3,5.55,0.197273652,XOM,08/09/2023
108,4.51,4.55,4.8,0.199470896,XOM,08/09/2023
109,3.85,3.85,4,0.19080399,XOM,08/09/2023
110,3.25,3.25,3.35,0.191414336,XOM,08/09/2023
111,2.71,2.67,2.76,0.191292267,XOM,08/09/2023
112,2.13,2.16,2.29,0.195442616,XOM,08/09/2023
113,1.71,1.71,1.82,0.193733649,XOM,08/09/2023
114,1.33,1.32,1.42,0.19226882,XOM,08/09/2023
95,16.85,16.8,17.05,0.300788242,XOM,15/09/2023
100,11.7,11.8,12,0.20166814,XOM,15/09/2023
105,7.35,7.3,7.45,0.206306765,XOM,15/09/2023
110,3.7,3.65,3.8,0.205330212,XOM,15/09/2023
115,1.36,1.36,1.39,0.194710201,XOM,15/09/2023
120,0.41,0.39,0.42,0.199226758,XOM,15/09/2023
125,0.12,0.11,0.13,0.212898496,XOM,15/09/2023
130,0.04,0.04,0.05,0.233406104,XOM,15/09/2023
297.5,10.3,10.1,10.75,0.376959355,META,18/08/2023
300,8.5,8.25,8.7,0.353888297,META,18/08/2023
302.5,6.75,6.8,6.95,0.343756563,META,18/08/2023
305,5.3,5.25,5.35,0.331549653,META,18/08/2023
307.5,4,3.9,4.05,0.326422751,META,18/08/2023
310,2.88,2.83,2.9,0.316535155,META,18/08/2023
312.5,2,1.94,2.02,0.310675839,META,18/08/2023
315,1.31,1.3,1.35,0.305426868,META,18/08/2023
297.5,12.4,12.6,13.1,0.367193828,META,25/08/2023
300,11.03,11.15,11.3,0.356634852,META,25/08/2023
302.5,9.4,9.55,9.7,0.350470363,META,25/08/2023
305,8.06,8.1,8.25,0.345648633,META,25/08/2023
307.5,6.8,6.75,6.95,0.341864492,META,25/08/2023
310,5.6,5.6,5.75,0.336676555,META,25/08/2023
312.5,4.57,4.6,4.7,0.332221033,META,25/08/2023
315,3.75,3.7,3.8,0.328742064,META,25/08/2023
290,18.01,20.05,20.6,0.390631094,META,01/09/2023
295,16.32,16.5,16.85,0.376654183,META,01/09/2023
300,12.71,13,13.45,0.364508308,META,01/09/2023
305,10.22,10.15,10.35,0.350348293,META,01/09/2023
310,7.75,7.7,7.85,0.343634493,META,01/09/2023
315,5.6,5.6,5.7,0.33472345,META,01/09/2023
320,4.02,4,4.15,0.333502759,META,01/09/2023
325,2.8,2.78,2.89,0.329718617,META,01/09/2023
290,19.45,21.25,21.85,0.38037729,META,08/09/2023
295,17.92,17.6,18.25,0.369513141,META,08/09/2023
300,14,14.5,14.8,0.354559677,META,08/09/2023
305,11.58,11.65,11.8,0.34412277,META,08/09/2023
310,9,9.15,9.25,0.336920693,META,08/09/2023
315,6.98,7,7.15,0.332648275,META,08/09/2023
320,5,5.25,5.4,0.328497926,META,08/09/2023
325,3.7,3.85,4,0.325263095,META,08/09/2023
285,26.58,26.55,26.95,0.390997301,META,15/09/2023
290,22.99,22.75,23.1,0.377447632,META,15/09/2023
295,19.05,19.4,19.55,0.366461414,META,15/09/2023
300,16.14,16.15,16.3,0.35687899,META,15/09/2023
305,13.25,13.3,13.45,0.350561914,META,15/09/2023
310,10.7,10.75,10.9,0.34412277,META,15/09/2023
315,8.55,8.55,8.7,0.338812764,META,15/09/2023
320,6.75,6.7,6.8,0.333258621,META,15/09/2023
502.5,9,9.75,11.2,0.256843369,UNH,18/08/2023
505,7.2,7.7,8.65,0.217170914,UNH,18/08/2023
507.5,6,6,6.75,0.20368228,UNH,18/08/2023
510,4.85,4.65,5,0.1895833,UNH,18/08/2023
512.5,3.35,3.2,3.75,0.187996401,UNH,18/08/2023
515,2.4,2.23,2.56,0.179207427,UNH,18/08/2023
517.5,1.51,1.47,1.74,0.176582941,UNH,18/08/2023
520,1.06,0.98,1.18,0.177254321,UNH,18/08/2023
502.5,13.52,12.05,12.75,0.213386772,UNH,25/08/2023
505,9.75,10.55,10.85,0.204536763,UNH,25/08/2023
507.5,8.45,8.9,9.15,0.198372274,UNH,25/08/2023
510,6.75,7.4,7.6,0.1929402,UNH,25/08/2023
512.5,5.8,6.05,6.25,0.189278127,UNH,25/08/2023
515,4.58,4.85,5.05,0.185799158,UNH,25/08/2023
517.5,3.5,3.85,4.05,0.183846052,UNH,25/08/2023
520,3,3,3.2,0.18219812,UNH,25/08/2023
495,19.6,19.75,20.8,0.241523698,UNH,01/09/2023
500,15.7,16.05,16.8,0.22684489,UNH,01/09/2023
505,12.58,12.4,13.15,0.214180222,UNH,01/09/2023
510,8.84,9.3,10,0.205055557,UNH,01/09/2023
515,7.75,6.7,7.25,0.195778306,UNH,01/09/2023
520,5.65,4.65,5.15,0.191048129,UNH,01/09/2023
525,3.45,3.1,3.55,0.188057436,UNH,01/09/2023
530,2.12,1.91,2.4,0.18689778,UNH,01/09/2023
490,26.85,24.85,26.4,0.251838536,UNH,08/09/2023
495,21.17,20.9,22.25,0.237739556,UNH,08/09/2023
500,18.25,16.65,19,0.237831108,UNH,08/09/2023
505,15.3,13.55,14.45,0.207741077,UNH,08/09/2023
510,11.94,10.65,11.55,0.203834866,UNH,08/09/2023
515,9.05,7.7,8.9,0.19797555,UNH,08/09/2023
520,6.75,5.8,6.45,0.188759333,UNH,08/09/2023
525,4.05,4.15,4.55,0.182381223,UNH,08/09/2023
480,33.9,34.15,35.85,0.265876482,UNH,15/09/2023
490,27.6,25.95,26.8,0.23154455,UNH,15/09/2023
500,18.22,18.6,18.9,0.209327975,UNH,15/09/2023
510,11.42,11.95,12.35,0.193977787,UNH,15/09/2023
520,6.9,7.2,7.45,0.184639501,UNH,15/09/2023
530,3.8,4,4.2,0.180336566,UNH,15/09/2023
540,2.04,1.98,2.42,0.183968121,UNH,15/09/2023
550,1.15,1.15,1.4,0.189705369,UNH,15/09/2023
165,8.26,8,9.05,0.406255938,JNJ,18/08/2023
167.5,5.16,5.75,7.25,0.44092356,JNJ,18/08/2023
170,3.9,3.9,4.4,0.284186846,JNJ,18/08/2023
172.5,2.18,2.07,2.4,0.234382656,JNJ,18/08/2023
175,1,0.95,1.1,0.21778126,JNJ,18/08/2023
177.5,0.34,0.34,0.44,0.217292983,JNJ,18/08/2023
180,0.06,0.11,0.19,0.232429551,JNJ,18/08/2023
182.5,0.13,0.01,0.09,0.251960605,JNJ,18/08/2023
162.5,11.4,10.15,12.15,0.397955239,JNJ,25/08/2023
165,7.57,8,10,0.375982803,JNJ,25/08/2023
167.5,6.15,5.65,7.4,0.29968962,JNJ,25/08/2023
170,4.5,4.1,5.4,0.274299249,JNJ,25/08/2023
172.5,3.17,2.75,3.95,0.276496493,JNJ,25/08/2023
175,2,2.01,2.31,0.240119904,JNJ,25/08/2023
177.5,1.41,1.26,1.73,0.266242689,JNJ,25/08/2023
180,0.91,0.91,0.85,0.240974387,JNJ,25/08/2023
150,18.46,22.1,24.45,0.518315364,JNJ,01/09/2023
155,18.67,17.45,19.5,0.43677321,JNJ,01/09/2023
160,12.48,12.4,14.55,0.352545537,JNJ,01/09/2023
165,8.4,8.05,10.15,0.311286184,JNJ,01/09/2023
170,4.95,4.6,5.6,0.231819205,JNJ,01/09/2023
175,2.4,2.18,2.69,0.215217809,JNJ,01/09/2023
180,0.91,0.81,1.3,0.229377823,JNJ,01/09/2023
185,0.65,0.32,0.65,0.249030947,JNJ,01/09/2023
150,18.6,22.35,24.55,0.455205643,JNJ,08/09/2023
155,15.65,17.5,19.5,0.373297283,JNJ,08/09/2023
160,12.95,12.6,14.4,0.286872366,JNJ,08/09/2023
165,8.35,8.05,9.8,0.24060818,JNJ,08/09/2023
170,4.85,4.65,5.85,0.212776427,JNJ,08/09/2023
175,2.82,2.12,2.98,0.199837103,JNJ,08/09/2023
180,1.35,0.86,1.35,0.199470896,JNJ,08/09/2023
185,0.54,0.35,0.67,0.214851602,JNJ,08/09/2023
155,18.05,17.5,19.75,0.354498643,JNJ,15/09/2023
160,12.57,12.9,14.95,0.298835137,JNJ,15/09/2023
165,9.2,8.35,10.2,0.239387489,JNJ,15/09/2023
170,5.4,5.35,5.75,0.183662949,JNJ,15/09/2023
175,2.98,2.61,3,0.178352943,JNJ,15/09/2023
180,1.39,1.3,1.5,0.185921227,JNJ,15/09/2023
185,0.73,0.68,0.8,0.20166814,JNJ,15/09/2023
190,0.45,0.35,0.45,0.218513674,JNJ,15/09/2023
148,6.75,6.8,7.1,0.322272402,JPM,18/08/2023
149,5.6,5.85,6.2,0.312506875,JPM,18/08/2023
150,4.66,4.9,5.15,0.263190962,JPM,18/08/2023
152.5,2.55,2.75,2.88,0.205574351,JPM,18/08/2023
155,1.13,1.09,1.19,0.179939841,JPM,18/08/2023
157.5,0.28,0.28,0.31,0.167000518,JPM,18/08/2023
160,0.06,0.05,0.07,0.174812939,JPM,18/08/2023
162.5,0.02,0.02,0.03,0.205086074,JPM,18/08/2023
148,7.45,7.25,7.45,0.263679238,JPM,25/08/2023
149,6.42,6.35,6.55,0.250739915,JPM,25/08/2023
150,5.35,5.45,5.65,0.235603347,JPM,25/08/2023
152.5,3.35,3.55,3.65,0.210701252,JPM,25/08/2023
155,1.92,1.96,2.01,0.18946123,JPM,25/08/2023
157.5,0.86,0.86,0.91,0.175545354,JPM,25/08/2023
160,0.3,0.3,0.33,0.167244656,JPM,25/08/2023
162.5,0.1,0.1,0.12,0.170418452,JPM,25/08/2023
147,11.2,8.6,8.95,0.283454431,JPM,01/09/2023
148,7.52,7.7,8,0.265754413,JPM,01/09/2023
149,5.9,6.85,7.05,0.24732198,JPM,01/09/2023
150,5.85,6.05,6.3,0.244758529,JPM,01/09/2023
152.5,4.2,4.1,4.3,0.216682638,JPM,01/09/2023
155,2.61,2.58,2.68,0.198128136,JPM,01/09/2023
157.5,1.33,1.37,1.48,0.184456398,JPM,01/09/2023
160,0.64,0.66,0.69,0.172615696,JPM,01/09/2023
148,7.43,8.1,8.45,0.262458547,JPM,08/09/2023
149,7.03,7.25,7.5,0.245124736,JPM,08/09/2023
150,6.52,6.4,6.65,0.234138518,JPM,08/09/2023
152.5,4.55,4.6,4.75,0.213875049,JPM,08/09/2023
155,2.95,3.05,3.15,0.197883998,JPM,08/09/2023
157.5,1.73,1.78,1.91,0.18555502,JPM,08/09/2023
160,0.92,0.97,1.04,0.175789492,JPM,08/09/2023
162.5,0.47,0.47,0.53,0.171150867,JPM,08/09/2023
130,25.19,25.25,25.8,0.46777876,JPM,15/09/2023
135,20.67,20.45,20.85,0.396734548,JPM,15/09/2023
140,15.81,15.7,16.05,0.338141384,JPM,15/09/2023
145,10.89,11.15,11.5,0.290778577,JPM,15/09/2023
150,7,7,7.15,0.238288867,JPM,15/09/2023
155,3.6,3.65,3.7,0.205269178,JPM,15/09/2023
160,1.39,1.42,1.48,0.184822605,JPM,15/09/2023
165,0.42,0.42,0.45,0.174324663,JPM,15/09/2023
235,7.8,8.05,8.5,0.273688904,V,18/08/2023
237.5,5.5,5.65,6.2,0.238777144,V,18/08/2023
240,3.85,3.65,3.95,0.195320547,V,18/08/2023
242.5,2.05,2,2.17,0.173226041,V,18/08/2023
245,0.89,0.83,0.99,0.162728099,V,18/08/2023
247.5,0.32,0.3,0.35,0.155281885,V,18/08/2023
250,0.11,0.11,0.13,0.161629478,V,18/08/2023
252.5,0.06,0.05,0.06,0.176766045,V,18/08/2023
232.5,9.9,11,11.65,0.275886147,V,25/08/2023
235,8.45,8.75,9.2,0.236824038,V,25/08/2023
237.5,6.45,6.65,7.05,0.215706085,V,25/08/2023
240,4.73,4.85,5.05,0.19495434,V,25/08/2023
242.5,3.3,3.25,3.5,0.187752263,V,25/08/2023
245,1.95,1.99,2.08,0.170784659,V,25/08/2023
247.5,1.02,1.08,1.15,0.16260603,V,25/08/2023
250,0.55,0.54,0.63,0.162361892,V,25/08/2023
225,16.55,18.6,19.2,0.320319297,V,01/09/2023
230,13.81,13.9,14.45,0.273322697,V,01/09/2023
235,9.36,9.4,9.95,0.232063344,V,01/09/2023
240,5.65,5.7,6,0.200142276,V,01/09/2023
245,2.81,2.82,3,0.178413978,V,01/09/2023
250,1.05,1.08,1.16,0.163460514,V,01/09/2023
255,0.39,0.37,0.43,0.164559136,V,01/09/2023
260,0.15,0.14,0.18,0.174812939,V,01/09/2023
220,22.4,23.65,24.45,0.346197944,V,08/09/2023
225,17.22,18.9,19.65,0.303473762,V,08/09/2023
230,14.3,14.35,15,0.264289584,V,08/09/2023
235,10,10.05,10.55,0.226326096,V,08/09/2023
240,6.4,6.4,6.7,0.199104689,V,08/09/2023
245,3.43,3.45,3.65,0.177986736,V,08/09/2023
250,1.5,1.54,1.69,0.165718792,V,08/09/2023
255,0.65,0.62,0.71,0.162483961,V,08/09/2023
225,19.31,19.45,20.2,0.298713068,V,15/09/2023
230,15.3,14.95,15.5,0.257758887,V,15/09/2023
235,10.85,10.85,11.25,0.228767478,V,15/09/2023
240,7.06,7.25,7.4,0.201485036,V,15/09/2023
245,4.3,4.25,4.4,0.184029156,V,15/09/2023
250,2.2,2.17,2.24,0.169441899,V,15/09/2023
255,0.96,0.99,1.05,0.16394879,V,15/09/2023
260,0.45,0.44,0.49,0.16529155,V,15/09/2023
148,8.24,7.8,8.15,0.36426417,PG,18/08/2023
149,8.79,6.8,7.1,0.314948257,PG,18/08/2023
150,5.92,5.85,6.1,0.280768911,PG,18/08/2023
152.5,3.6,3.45,3.65,0.201179863,PG,18/08/2023
155,1.37,1.37,1.52,0.148690154,PG,18/08/2023
157.5,0.24,0.25,0.34,0.131600481,PG,18/08/2023
160,0.04,0.03,0.07,0.14649291,PG,18/08/2023
162.5,0.01,0,0.01,0.156258438,PG,18/08/2023
147,11.33,8.95,9.25,0.275886147,PG,25/08/2023
150,6.15,6.1,6.35,0.220222642,PG,25/08/2023
152.5,5.25,3.9,4.05,0.178230874,PG,25/08/2023
155,2,2.1,2.14,0.152596365,PG,25/08/2023
157.5,0.78,0.79,0.85,0.137459797,PG,25/08/2023
160,0.22,0.2,0.24,0.129891514,PG,25/08/2023
162.5,0.05,0.03,0.07,0.13575083,PG,25/08/2023
165,0.02,0.02,0.05,0.165047412,PG,25/08/2023
125,32.77,30.85,31.4,0.569340244,PG,01/09/2023
140,16.05,16.1,16.45,0.378180046,PG,01/09/2023
150,8.8,6.4,6.8,0.221077125,PG,01/09/2023
155,2.74,2.52,2.68,0.15992051,PG,01/09/2023
160,0.47,0.45,0.5,0.13306531,PG,01/09/2023
165,0.06,0.05,0.09,0.145516357,PG,01/09/2023
170,0.18,0,0.18,0.232429551,PG,01/09/2023
140,18.44,16.2,16.65,0.349127603,PG,08/09/2023
145,12.8,11.3,11.7,0.270026831,PG,08/09/2023
150,8.35,6.75,7,0.204841936,PG,08/09/2023
155,2.96,2.91,3.05,0.159310165,PG,08/09/2023
160,0.72,0.69,0.8,0.138192212,PG,08/09/2023
165,0.14,0.11,0.14,0.13575083,PG,08/09/2023
170,0.07,0.01,0.26,0.214851602,PG,08/09/2023
135,19,21.4,21.6,0.377203494,PG,15/09/2023
140,17.6,16.5,16.7,0.315192395,PG,15/09/2023
145,13.28,11.65,11.9,0.257331646,PG,15/09/2023
150,7.87,7.1,7.3,0.202156416,PG,15/09/2023
155,3.3,3.35,3.45,0.162972238,PG,15/09/2023
160,0.94,0.97,1.05,0.139290834,PG,15/09/2023
165,0.2,0.17,0.21,0.131844619,PG,15/09/2023
170,0.08,0.02,0.25,0.188972954,PG,15/09/2023
390,9.42,9.1,10.2,0.256355093,MA,18/08/2023
392.5,7.3,7.05,7.9,0.225959889,MA,18/08/2023
395,4.85,5.15,5.65,0.193123303,MA,18/08/2023
397.5,3.2,3.55,3.95,0.182015016,MA,18/08/2023
400,2.33,2.24,2.59,0.174324663,MA,18/08/2023
402.5,1.24,1.3,1.53,0.166023965,MA,18/08/2023
405,0.72,0.67,0.82,0.159798441,MA,18/08/2023
407.5,0.3,0.34,0.42,0.157967405,MA,18/08/2023
390,10.92,10.75,11.4,0.216926776,MA,25/08/2023
392.5,9.1,9.1,9.4,0.204964005,MA,25/08/2023
395,7.05,7.3,7.6,0.196113996,MA,25/08/2023
397.5,5.94,5.6,6,0.189033989,MA,25/08/2023
400,4.34,4.4,4.55,0.181038463,MA,25/08/2023
402.5,3.1,3.15,3.4,0.176827079,MA,25/08/2023
405,2.11,2.27,2.4,0.170784659,MA,25/08/2023
407.5,1.63,1.49,1.73,0.170357418,MA,25/08/2023
380,18.42,20.6,21.6,0.270270969,MA,01/09/2023
385,14.83,16.25,17,0.239753696,MA,01/09/2023
390,10.53,12.3,13.05,0.224067818,MA,01/09/2023
395,8.58,8.8,9.3,0.204109521,MA,01/09/2023
400,6.05,5.8,6.35,0.19361158,MA,01/09/2023
405,3.17,3.6,4,0.183968121,MA,01/09/2023
410,2.16,2.03,2.4,0.179268461,MA,01/09/2023
415,1.17,1.07,1.32,0.174812939,MA,01/09/2023
375,21.83,25.9,27.05,0.283149258,MA,08/09/2023
385,16.05,17.3,17.95,0.232124378,MA,08/09/2023
390,15.8,13.4,14.3,0.223762645,MA,08/09/2023
395,7.75,10,10.9,0.212959531,MA,08/09/2023
400,7.17,7.05,7.45,0.19147537,MA,08/09/2023
405,4.85,4.65,5.2,0.187080883,MA,08/09/2023
410,2.83,2.88,3.15,0.17469087,MA,08/09/2023
415,1.78,1.69,1.97,0.172798799,MA,08/09/2023
380,22.35,22.25,23.75,0.263251996,MA,15/09/2023
385,19.22,18.55,19.2,0.236518865,MA,15/09/2023
390,14.7,14.95,15.15,0.217689708,MA,15/09/2023
395,11.8,11.4,11.75,0.207100214,MA,15/09/2023
400,8.19,8.55,8.7,0.196113996,MA,15/09/2023
405,6.05,6,6.2,0.187752263,MA,15/09/2023
410,4,4.05,4.15,0.179268461,MA,15/09/2023
415,2.59,2.52,2.87,0.178963289,MA,15/09/2023
320,12.65,12.4,12.85,0.444097356,HD,18/08/2023
322.5,10.72,10.6,11.1,0.441778043,HD,18/08/2023
325,9.11,9,9.4,0.433843552,HD,18/08/2023
327.5,7.7,7.5,7.8,0.423589749,HD,18/08/2023
330,6.29,6.2,6.45,0.420293883,HD,18/08/2023
332.5,5.08,5,5.25,0.416753879,HD,18/08/2023
335,4.07,3.95,4.15,0.409673872,HD,18/08/2023
337.5,3.13,3.15,3.3,0.409307665,HD,18/08/2023
320,14,13.55,14.1,0.348028981,HD,25/08/2023
322.5,11.6,11.85,12.25,0.338141384,HD,25/08/2023
325,10.35,10.35,10.55,0.330451031,HD,25/08/2023
327.5,8.54,8.85,9,0.324408611,HD,25/08/2023
330,7.4,7.4,7.65,0.321539988,HD,25/08/2023
332.5,6.23,6.15,6.35,0.315436533,HD,25/08/2023
335,5.03,5.05,5.2,0.309943424,HD,25/08/2023
337.5,4.05,4,4.2,0.305243764,HD,25/08/2023
310,21.89,22.05,22.95,0.341803457,HD,01/09/2023
315,18.53,17.8,18.7,0.320075159,HD,01/09/2023
320,14.39,14.1,14.9,0.306647559,HD,01/09/2023
325,10.24,10.7,11.15,0.283332362,HD,01/09/2023
330,7.91,7.9,8.3,0.277228907,HD,01/09/2023
335,5.52,5.45,5.85,0.268562002,HD,01/09/2023
340,3.65,3.6,3.75,0.254646125,HD,01/09/2023
345,2.32,2.24,2.83,0.269172347,HD,01/09/2023
290,40.85,40.4,41.85,0.405035247,HD,08/09/2023
315,16.35,18.25,19.1,0.287726849,HD,08/09/2023
320,14.67,14.55,15.3,0.27484856,HD,08/09/2023
325,11.37,11.1,11.65,0.256904404,HD,08/09/2023
330,8.6,8.35,9,0.256904404,HD,08/09/2023
335,5.8,5.9,6.5,0.248481636,HD,08/09/2023
340,4.05,4,4.4,0.238227833,HD,08/09/2023
345,2.69,2.6,3.2,0.2432937,HD,08/09/2023
305,26.99,27.05,27.75,0.291205818,HD,15/09/2023
310,22.68,22.75,23.6,0.282111671,HD,15/09/2023
315,18.9,18.8,19.3,0.261543029,HD,15/09/2023
320,15.25,15.15,15.55,0.250923018,HD,15/09/2023
325,12.1,11.95,12.25,0.243690424,HD,15/09/2023
330,9.16,9.1,9.3,0.235603347,HD,15/09/2023
335,6.75,6.6,6.9,0.230842653,HD,15/09/2023
340,4.73,4.7,4.85,0.223915232,HD,15/09/2023
155,8.85,8.85,9.35,0.373053145,CVX,18/08/2023
157.5,6.21,6.45,6.8,0.279304082,CVX,18/08/2023
160,4,4.05,4.45,0.229988169,CVX,18/08/2023
162.5,2.13,2.06,2.26,0.178475012,CVX,18/08/2023
165,0.79,0.75,0.8,0.159432234,CVX,18/08/2023
167.5,0.2,0.2,0.21,0.161141201,CVX,18/08/2023
170,0.06,0.06,0.07,0.182625361,CVX,18/08/2023
172.5,0.03,0.02,0.03,0.208992285,CVX,18/08/2023
155,8.82,8.9,9.3,0.230476445,CVX,25/08/2023
157.5,6.3,6.55,6.9,0.197761929,CVX,25/08/2023
160,4.4,4.35,4.6,0.167244656,CVX,25/08/2023
162.5,2.39,2.62,2.78,0.162361892,CVX,25/08/2023
165,1.38,1.37,1.51,0.164437067,CVX,25/08/2023
167.5,0.67,0.65,0.71,0.165047412,CVX,25/08/2023
170,0.3,0.3,0.33,0.172615696,CVX,25/08/2023
172.5,0.13,0.13,0.15,0.181160532,CVX,25/08/2023
145,17.5,18.85,19.25,0.322272402,CVX,01/09/2023
150,13.65,13.95,14.35,0.270515107,CVX,01/09/2023
155,8.75,9.05,9.45,0.206550903,CVX,01/09/2023
160,4.75,4.85,5,0.168221208,CVX,01/09/2023
165,2.07,2.05,2.17,0.175423285,CVX,01/09/2023
170,0.62,0.6,0.71,0.178352943,CVX,01/09/2023
175,0.15,0.13,0.18,0.182137085,CVX,01/09/2023
180,0.09,0.03,0.09,0.212898496,CVX,01/09/2023
135,23.65,28.85,29.35,0.431158032,CVX,08/09/2023
140,20.7,23.8,24.3,0.352057261,CVX,08/09/2023
150,13.58,13.9,14.35,0.231452998,CVX,08/09/2023
155,9.01,9.25,9.55,0.187996401,CVX,08/09/2023
160,5.2,5.35,5.6,0.184822605,CVX,08/09/2023
165,2.57,2.57,2.68,0.179329496,CVX,08/09/2023
170,0.94,0.93,1.02,0.176766045,CVX,08/09/2023
175,0.3,0.28,0.33,0.179451565,CVX,08/09/2023
145,18.6,18.9,19.25,0.24463646,CVX,15/09/2023
150,14.15,14.05,14.4,0.212654358,CVX,15/09/2023
155,9.65,9.65,9.85,0.193977787,CVX,15/09/2023
160,5.95,5.95,6.1,0.192635027,CVX,15/09/2023
165,3.2,3.1,3.25,0.18824054,CVX,15/09/2023
170,1.43,1.35,1.42,0.182503292,CVX,15/09/2023
175,0.51,0.48,0.55,0.183113638,CVX,15/09/2023
180,0.19,0.2,0.21,0.189217092,CVX,15/09/2023
146,6.23,6.3,6.7,0.336432417,ABBV,18/08/2023
147,5.78,5.35,5.55,0.260261304,ABBV,18/08/2023
148,4,4.4,4.7,0.259773027,ABBV,18/08/2023
149,3.45,3.45,3.8,0.23926542,ABBV,18/08/2023
150,2.44,2.63,2.81,0.196785376,ABBV,18/08/2023
152.5,0.97,0.96,1.02,0.158943958,ABBV,18/08/2023
155,0.21,0.19,0.25,0.156746714,ABBV,18/08/2023
157.5,0.05,0.04,0.06,0.171883281,ABBV,18/08/2023
147,6.05,5.75,6,0.234870933,ABBV,25/08/2023
148,5.45,4.9,5.1,0.219246089,ABBV,25/08/2023
149,4.72,4.1,4.25,0.206062627,ABBV,25/08/2023
150,3.25,3.35,3.5,0.199348827,ABBV,25/08/2023
152.5,1.5,1.77,1.85,0.177986736,ABBV,25/08/2023
155,0.72,0.71,0.81,0.16797707,ABBV,25/08/2023
157.5,0.26,0.24,0.31,0.166512241,ABBV,25/08/2023
160,0.09,0.09,0.1,0.166512241,ABBV,25/08/2023
147,4.23,6.15,6.55,0.23926542,ABBV,01/09/2023
148,5.68,5.4,5.7,0.227546787,ABBV,01/09/2023
149,5.08,4.6,4.85,0.213630911,ABBV,01/09/2023
150,3.93,3.85,4.1,0.205086074,ABBV,01/09/2023
152.5,2.3,2.3,2.5,0.188362609,ABBV,01/09/2023
155,1.08,1.16,1.33,0.175789492,ABBV,01/09/2023
157.5,0.57,0.52,0.65,0.171395005,ABBV,01/09/2023
160,0.25,0.22,0.29,0.169930176,ABBV,01/09/2023
147,7.47,6.65,6.9,0.230964722,ABBV,08/09/2023
148,5.55,5.8,6.1,0.223030231,ABBV,08/09/2023
149,4.78,5.1,5.25,0.209846769,ABBV,08/09/2023
150,4.1,4.35,4.6,0.207771594,ABBV,08/09/2023
152.5,2.73,2.81,2.94,0.18824054,ABBV,08/09/2023
155,1.67,1.62,1.8,0.18140467,ABBV,08/09/2023
157.5,0.92,0.84,0.99,0.17469087,ABBV,08/09/2023
160,0.47,0.42,0.48,0.168465347,ABBV,08/09/2023
130,22.84,22.9,23.1,0.411382839,ABBV,15/09/2023
135,17.95,18,18.25,0.35352209,ABBV,15/09/2023
140,13,13.2,13.5,0.29834686,ABBV,15/09/2023
145,8.5,8.65,8.9,0.242805424,ABBV,15/09/2023
150,4.61,4.8,4.9,0.201546071,ABBV,15/09/2023
155,1.98,2.02,2.06,0.17603363,ABBV,15/09/2023
160,0.59,0.59,0.68,0.167855001,ABBV,15/09/2023
165,0.18,0.15,0.19,0.16797707,ABBV,15/09/2023
530,10.2,10.35,11,0.248481636,LLY,18/08/2023
532.5,7.9,8.35,9.25,0.244514391,LLY,18/08/2023
535,6.5,7.05,7.65,0.240730249,LLY,18/08/2023
537.5,5.56,5.65,6.2,0.236824038,LLY,18/08/2023
540,4.32,4.3,4.95,0.234260587,LLY,18/08/2023
542.5,3.44,3.5,3.95,0.235115071,LLY,18/08/2023
545,2.6,2.46,3.25,0.242195078,LLY,18/08/2023
547.5,1.94,1.71,2.46,0.23926542,LLY,18/08/2023
527.5,12.55,14.65,15.7,0.247688187,LLY,25/08/2023
530,13.42,13.25,13.95,0.243720942,LLY,25/08/2023
532.5,13.6,11.8,12.1,0.234687829,LLY,25/08/2023
535,10.3,10.3,10.55,0.231147825,LLY,25/08/2023
537.5,8.35,8.95,9.15,0.228736961,LLY,25/08/2023
540,7.32,7.6,8,0.229927134,LLY,25/08/2023
542.5,5.95,6.45,6.7,0.224311956,LLY,25/08/2023
545,5.05,5.45,5.85,0.227607822,LLY,25/08/2023
515,31.22,26.1,28.35,0.290778577,LLY,01/09/2023
520,23.27,22.4,24.1,0.273994077,LLY,01/09/2023
525,20.37,19.3,20.2,0.261543029,LLY,01/09/2023
530,15.5,16.05,16.7,0.252815089,LLY,01/09/2023
535,13.3,12.9,13.75,0.249641293,LLY,01/09/2023
540,9.9,10.3,10.75,0.238960247,LLY,01/09/2023
545,8.2,8,8.45,0.235664382,LLY,01/09/2023
550,5.65,6.05,6.4,0.230445928,LLY,01/09/2023
520,24.44,23.85,25.75,0.267585449,LLY,08/09/2023
525,22.28,20.7,21.8,0.25403578,LLY,08/09/2023
530,16.93,17.35,18.4,0.246925255,LLY,08/09/2023
535,14.74,14.25,15.25,0.239784214,LLY,08/09/2023
540,12.3,11.9,13,0.243568355,LLY,08/09/2023
545,9,9.15,10.45,0.237037659,LLY,08/09/2023
550,7.55,7.4,7.85,0.224067818,LLY,08/09/2023
555,5.85,5.9,6.25,0.22382368,LLY,08/09/2023
500,41.3,41.9,43.45,0.298743585,LLY,15/09/2023
510,32.95,33.75,35.05,0.280463738,LLY,15/09/2023
520,26.65,26.25,27.45,0.267188725,LLY,15/09/2023
530,19.15,19.65,20.1,0.246345427,LLY,15/09/2023
540,13.94,13.85,14.25,0.235542313,LLY,15/09/2023
550,9.41,9.35,9.6,0.227333166,LLY,15/09/2023
560,6.06,6,6.25,0.223365921,LLY,15/09/2023
570,3.82,3.7,3.9,0.220832987,LLY,15/09/2023
104,3.35,4.95,5.4,0.419927676,MRK,18/08/2023
105,4.03,3.85,4.15,0.28223374,MRK,18/08/2023
106,3.1,3.05,3.2,0.246589565,MRK,18/08/2023
107,2.2,2.1,2.33,0.223640576,MRK,18/08/2023
108,1.45,1.39,1.54,0.20166814,MRK,18/08/2023
109,0.9,0.82,0.89,0.183601914,MRK,18/08/2023
110,0.41,0.38,0.47,0.17871915,MRK,18/08/2023
111,0.18,0.16,0.19,0.167488794,MRK,18/08/2023
105,4.5,4.2,4.5,0.252448882,MRK,25/08/2023
106,3.46,3.45,3.65,0.236824038,MRK,25/08/2023
107,2.72,2.71,2.86,0.222908162,MRK,25/08/2023
108,1.99,2.05,2.1,0.20435366,MRK,25/08/2023
109,1.52,1.46,1.51,0.197273652,MRK,25/08/2023
110,0.97,0.99,1.03,0.191170198,MRK,25/08/2023
111,0.63,0.63,0.67,0.187019849,MRK,25/08/2023
112,0.37,0.37,0.43,0.187019849,MRK,25/08/2023
105,5.05,4.7,4.95,0.259773027,MRK,01/09/2023
106,4,3.9,4.1,0.24195094,MRK,01/09/2023
107,3.45,3.15,3.35,0.230720583,MRK,01/09/2023
108,2.51,2.47,2.65,0.219246089,MRK,01/09/2023
109,2.15,1.92,2.04,0.210212976,MRK,01/09/2023
110,1.55,1.43,1.52,0.202644692,MRK,01/09/2023
111,1.05,1.05,1.12,0.199226758,MRK,01/09/2023
112,0.75,0.73,0.8,0.196052961,MRK,01/09/2023
105,4.06,4.85,5.15,0.242927493,MRK,08/09/2023
106,4.3,4,4.4,0.235847485,MRK,08/09/2023
107,3.53,3.45,3.7,0.229255754,MRK,08/09/2023
108,2.85,2.54,2.96,0.214607463,MRK,08/09/2023
109,2.37,2.2,2.43,0.213386772,MRK,08/09/2023
110,1.78,1.73,1.83,0.20032538,MRK,08/09/2023
111,1.32,1.3,1.4,0.196052961,MRK,08/09/2023
112,1.05,0.96,1.04,0.191902612,MRK,08/09/2023
90,19.15,19.25,19.5,0.473638076,MRK,15/09/2023
95,14.4,14.35,14.55,0.376959355,MRK,15/09/2023
100,10.05,9.45,9.8,0.302741348,MRK,15/09/2023
105,5.35,5.2,5.35,0.233650242,MRK,15/09/2023
110,2,1.98,2.05,0.194832271,MRK,15/09/2023
115,0.49,0.49,0.54,0.184822605,MRK,15/09/2023
120,0.13,0.13,0.14,0.195808823,MRK,15/09/2023
125,0.05,0.04,0.06,0.224617129,MRK,15/09/2023
830,24.1,26.7,29,0.348761395,AVGO,18/08/2023
835,20.8,22.3,24.5,0.323004817,AVGO,18/08/2023
840,19.1,19.1,20.6,0.310614804,AVGO,18/08/2023
845,15.9,15.8,17,0.299994793,AVGO,18/08/2023
850,13.1,12.9,14,0.297553411,AVGO,18/08/2023
855,10.62,10.3,10.8,0.281806498,AVGO,18/08/2023
860,8.28,8,8.5,0.279975462,AVGO,18/08/2023
865,6.6,6,6.7,0.282172706,AVGO,18/08/2023
845,23.81,25.7,27,0.360541063,AVGO,25/08/2023
847.5,23.4,24.4,25.4,0.356573817,AVGO,25/08/2023
850,22.3,23,24,0.355170023,AVGO,25/08/2023
852.5,19.7,21.7,22.6,0.353064331,AVGO,25/08/2023
855,20.4,20.3,21.4,0.353461055,AVGO,25/08/2023
857.5,18.15,19.1,20.1,0.35150795,AVGO,25/08/2023
860,18,17.9,18.9,0.350439845,AVGO,25/08/2023
862.5,17.2,16.7,17.7,0.348608809,AVGO,25/08/2023
830,43.47,47.2,49,0.465520482,AVGO,01/09/2023
835,34.15,43.8,46.5,0.470479538,AVGO,01/09/2023
840,39.83,41.4,43.8,0.471227212,AVGO,01/09/2023
845,34.2,38.1,40.3,0.460118924,AVGO,01/09/2023
850,34.62,35.8,37.5,0.456792542,AVGO,01/09/2023
855,32.9,33.2,34.5,0.449468396,AVGO,01/09/2023
860,29.1,30.8,32,0.447179601,AVGO,01/09/2023
865,27.55,28.5,29.8,0.447271152,AVGO,01/09/2023
830,37.24,50.2,52.3,0.436040796,AVGO,08/09/2023
840,47.51,44.4,45.9,0.426397338,AVGO,08/09/2023
845,37.51,41.4,43.4,0.427801132,AVGO,08/09/2023
850,28.2,38.6,40.5,0.423620266,AVGO,08/09/2023
855,39.1,35.9,37.5,0.417242156,AVGO,08/09/2023
860,23.16,33.5,35.1,0.416357155,AVGO,08/09/2023
865,51.4,31.1,32.6,0.413213876,AVGO,08/09/2023
870,28.5,28.9,30.3,0.411108184,AVGO,08/09/2023
820,58.21,59.2,62.1,0.427679063,AVGO,15/09/2023
830,52.2,53.7,54.6,0.410497838,AVGO,15/09/2023
840,46.35,47.8,48.6,0.405370937,AVGO,15/09/2023
850,42.61,42.4,43.1,0.40152576,AVGO,15/09/2023
860,37.47,37.3,38,0.397863687,AVGO,15/09/2023
870,31.3,32.7,33.2,0.393377648,AVGO,15/09/2023
880,28.1,28.4,28.9,0.39000549,AVGO,15/09/2023
890,23.37,24.4,25.4,0.390905749,AVGO,15/09/2023
175,9.38,8.6,9.05,0.348639326,PEP,18/08/2023
177.5,6.35,6.2,6.5,0.262702686,PEP,18/08/2023
180,4.16,3.8,4.15,0.210457114,PEP,18/08/2023
182.5,1.77,1.87,2.1,0.172371558,PEP,18/08/2023
185,0.58,0.61,0.72,0.150399121,PEP,18/08/2023
187.5,0.12,0.12,0.15,0.14112187,PEP,18/08/2023
190,0.03,0.03,0.04,0.155281885,PEP,18/08/2023
192.5,0.02,0.02,0.03,0.195320547,PEP,18/08/2023
175,10.15,9,9.4,0.272956489,PEP,25/08/2023
177.5,7.51,6.7,6.9,0.218513674,PEP,25/08/2023
180,4.45,4.5,4.7,0.188728816,PEP,25/08/2023
182.5,2.57,2.71,2.79,0.164925343,PEP,25/08/2023
185,1.34,1.33,1.37,0.148812223,PEP,25/08/2023
187.5,0.48,0.48,0.57,0.142830837,PEP,25/08/2023
190,0.16,0.16,0.2,0.140633594,PEP,25/08/2023
192.5,0.07,0.06,0.07,0.144539805,PEP,25/08/2023
160,25.8,23.65,24.3,0.441411836,PEP,01/09/2023
165,20.1,18.9,19.3,0.364508308,PEP,01/09/2023
170,14.75,13.9,14.35,0.29297582,PEP,01/09/2023
175,12.45,8.95,9.5,0.226570234,PEP,01/09/2023
180,5.3,4.85,5.1,0.177742598,PEP,01/09/2023
185,1.59,1.66,1.77,0.142830837,PEP,01/09/2023
190,0.33,0.32,0.39,0.135262554,PEP,01/09/2023
195,0.09,0.06,0.12,0.154305332,PEP,01/09/2023
150,35.85,33.65,34.2,0.491460164,PEP,08/09/2023
155,30.35,28.85,29.25,0.435064243,PEP,08/09/2023
165,19.75,18.8,19.3,0.311530322,PEP,08/09/2023
180,7.15,5,5.25,0.160652925,PEP,08/09/2023
185,1.93,1.89,2.04,0.136239106,PEP,08/09/2023
190,0.5,0.41,0.5,0.125252888,PEP,08/09/2023
195,0.11,0.08,0.16,0.139901179,PEP,08/09/2023
200,0.1,0.01,0.31,0.211921943,PEP,08/09/2023
165,19.35,18.6,19.35,0.281989602,PEP,15/09/2023
170,14.6,14,14.45,0.23120886,PEP,15/09/2023
175,10.06,9.4,9.7,0.185677089,PEP,15/09/2023
180,5.15,5.35,5.45,0.152718434,PEP,15/09/2023
185,2.2,2.29,2.33,0.134286001,PEP,15/09/2023
190,0.65,0.64,0.74,0.128060477,PEP,15/09/2023
195,0.17,0.17,0.19,0.128670823,PEP,15/09/2023
200,0.07,0.05,0.1,0.150887397,PEP,15/09/2023
57.5,3.36,3.35,3.5,0.376959355,KO,18/08/2023
58,2.9,2.88,3,0.333991035,KO,18/08/2023
59,2.48,1.89,2,0.245124736,KO,18/08/2023
60,1.04,0.99,1.06,0.177742598,KO,18/08/2023
61,0.34,0.32,0.34,0.139657041,KO,18/08/2023
62,0.05,0.04,0.05,0.127938408,KO,18/08/2023
62.5,0.03,0.02,0.03,0.148446016,KO,18/08/2023
63,0.01,0,0.01,0.148446016,KO,18/08/2023
57,3.99,4.25,4.4,0.433599414,KO,25/08/2023
58,2.96,2.95,3.1,0.259773027,KO,25/08/2023
59,2.12,2.04,2.12,0.202156416,KO,25/08/2023
60,1.24,1.2,1.26,0.168953623,KO,25/08/2023
61,0.55,0.54,0.58,0.144539805,KO,25/08/2023
62,0.18,0.16,0.18,0.129403237,KO,25/08/2023
62.5,0.07,0.07,0.09,0.126961855,KO,25/08/2023
63,0.04,0.04,0.05,0.130868066,KO,25/08/2023
57,4.26,4.05,4.25,0.302741348,KO,01/09/2023
58,3.51,3.1,3.25,0.249030947,KO,01/09/2023
59,2.14,2.2,2.27,0.197761929,KO,01/09/2023
60,1.5,1.38,1.45,0.171883281,KO,01/09/2023
61,0.75,0.73,0.77,0.149422568,KO,01/09/2023
62,0.28,0.29,0.33,0.136239106,KO,01/09/2023
63,0.1,0.09,0.11,0.128914961,KO,01/09/2023
64,0.03,0.03,0.04,0.132821172,KO,01/09/2023
52.5,8.65,8.55,8.7,0.387701436,KO,15/09/2023
55,6.5,6.05,6.25,0.308112388,KO,15/09/2023
57.5,3.7,3.7,3.85,0.229988169,KO,15/09/2023
60,1.58,1.63,1.67,0.162361892,KO,15/09/2023
62.5,0.34,0.34,0.36,0.129891514,KO,15/09/2023
65,0.04,0.04,0.05,0.130868066,KO,15/09/2023
67.5,0.01,0.01,0.04,0.181648809,KO,15/09/2023
70,0.02,0,0.14,0.293952373,KO,15/09/2023
34,2.25,2.01,2.18,0.437505625,PFE,18/08/2023
34.5,1.65,1.58,1.68,0.359381406,PFE,18/08/2023
35,1.37,1.09,1.18,0.277350977,PFE,18/08/2023
35.5,0.69,0.67,0.73,0.226570234,PFE,18/08/2023
36,0.36,0.34,0.38,0.204109521,PFE,18/08/2023
36.5,0.15,0.14,0.16,0.195320547,PFE,18/08/2023
37,0.06,0.06,0.07,0.210945391,PFE,18/08/2023
37.5,0.02,0.02,0.03,0.226570234,PFE,18/08/2023
34,2.21,2.15,2.25,0.331061377,PFE,25/08/2023
34.5,1.73,1.68,1.78,0.29297582,PFE,25/08/2023
35,1.28,1.24,1.35,0.266608896,PFE,25/08/2023
35.5,1.06,0.87,0.93,0.232429551,PFE,25/08/2023
36,0.6,0.58,0.62,0.224128853,PFE,25/08/2023
36.5,0.35,0.34,0.36,0.208992285,PFE,25/08/2023
37,0.2,0.19,0.21,0.209968838,PFE,25/08/2023
37.5,0.1,0.09,0.11,0.208992285,PFE,25/08/2023
33,3.5,3.1,3.3,0.375982803,PFE,01/09/2023
34,2.45,2.19,2.36,0.31445998,PFE,01/09/2023
35,1.56,1.38,1.48,0.259284751,PFE,01/09/2023
36,0.72,0.71,0.79,0.229988169,PFE,01/09/2023
37,0.32,0.3,0.33,0.209968838,PFE,01/09/2023
38,0.12,0.11,0.13,0.212898496,PFE,01/09/2023
39,0.05,0.04,0.05,0.220710918,PFE,01/09/2023
40,0.02,0.02,0.03,0.2500075,PFE,01/09/2023
32,4.6,4.2,4.3,0.395513857,PFE,08/09/2023
33,3.23,3.15,3.35,0.343756563,PFE,08/09/2023
34,2.65,2.29,2.42,0.291022715,PFE,08/09/2023
35,1.72,1.48,1.57,0.248542671,PFE,08/09/2023
36,0.87,0.85,0.9,0.225105405,PFE,08/09/2023
37,0.46,0.41,0.45,0.214363325,PFE,08/09/2023
38,0.2,0.18,0.2,0.210945391,PFE,08/09/2023
39,0.09,0.08,0.09,0.21778126,PFE,08/09/2023
27.5,8.95,8.65,8.8,0.591800957,PFE,15/09/2023
30,6.25,6.2,6.35,0.508793975,PFE,15/09/2023
32.5,3.84,3.8,3.9,0.359381406,PFE,15/09/2023
35,1.67,1.65,1.72,0.258796475,PFE,15/09/2023
37.5,0.4,0.4,0.43,0.2231523,PFE,15/09/2023
40,0.08,0.07,0.08,0.231452998,PFE,15/09/2023
42.5,0.03,0.02,0.03,0.277350977,PFE,15/09/2023
45,0.02,0.01,0.02,0.335944141,PFE,15/09/2023
530,11.97,9.3,15.9,0.395452823,TMO,18/08/2023
532.5,22.3,9.7,13.9,0.378057977,TMO,18/08/2023
535,11.1,7.9,10.6,0.304084108,TMO,18/08/2023
537.5,7.4,6.4,6.9,0.213020565,TMO,18/08/2023
540,5,4.9,5.4,0.207283318,TMO,18/08/2023
542.5,3.6,3.5,4,0.198006067,TMO,18/08/2023
545,2.63,2.45,3.1,0.201057794,TMO,18/08/2023
547.5,2.1,1.75,2.1,0.191536405,TMO,18/08/2023
510,36.5,32.3,38.9,0.32096016,TMO,15/09/2023
520,60.93,27.8,28.8,0.262580616,TMO,15/09/2023
530,21.8,20.7,21.1,0.23960111,TMO,15/09/2023
540,14.35,14.5,14.8,0.225776785,TMO,15/09/2023
550,10,9.3,9.7,0.214149704,TMO,15/09/2023
560,6.1,5.6,5.9,0.204841936,TMO,15/09/2023
570,3.16,3.1,3.4,0.199501413,TMO,15/09/2023
580,1.73,1.65,2,0.200691587,TMO,15/09/2023
550,12.8,12.5,13.5,0.236335762,COST,18/08/2023
552.5,11.65,10.6,11.25,0.218086432,COST,18/08/2023
555,8.72,8.55,9.25,0.207527456,COST,18/08/2023
557.5,7,6.9,7.4,0.198067101,COST,18/08/2023
560,5.4,5.15,5.55,0.182503292,COST,18/08/2023
562.5,4.1,3.85,4.25,0.180916394,COST,18/08/2023
565,3,2.8,3.1,0.176949149,COST,18/08/2023
567.5,2.05,1.93,2.18,0.173653283,COST,18/08/2023
552.5,12.95,12.5,13.3,0.199287792,COST,25/08/2023
555,11,10.95,11.4,0.19159744,COST,25/08/2023
557.5,9.45,9.3,9.65,0.185249847,COST,25/08/2023
560,7.9,7.7,8.1,0.180977429,COST,25/08/2023
562.5,6.3,6.35,6.7,0.177193287,COST,25/08/2023
565,5.25,5.15,5.45,0.173653283,COST,25/08/2023
567.5,4.25,4.1,4.4,0.171578109,COST,25/08/2023
570,3.1,3.2,3.45,0.168404312,COST,25/08/2023
540,27.85,24.2,25.35,0.231117308,COST,01/09/2023
545,24,20.2,21.2,0.219856434,COST,01/09/2023
550,16.79,16.35,17.45,0.212623841,COST,01/09/2023
555,13.07,12.65,13.55,0.196480203,COST,01/09/2023
560,9.97,9.75,10.3,0.187050366,COST,01/09/2023
565,7.45,7.15,7.6,0.180580704,COST,01/09/2023
570,5.24,5.1,5.45,0.176430355,COST,01/09/2023
575,3.63,3.45,3.75,0.17267673,COST,01/09/2023
545,19.4,21.65,23,0.223365921,COST,08/09/2023
550,20.52,17.65,19,0.210090907,COST,08/09/2023
555,15.45,14.35,15.15,0.195656237,COST,08/09/2023
560,13.1,11.3,11.85,0.18589071,COST,08/09/2023
565,8.75,8.45,9.1,0.179634669,COST,08/09/2023
570,6.48,6.25,6.8,0.174629836,COST,08/09/2023
575,4.5,4.5,4.85,0.168953623,COST,08/09/2023
580,3.37,3.1,3.4,0.165657758,COST,08/09/2023
540,27,27.35,28,0.224983336,COST,15/09/2023
545,24.3,23.4,24,0.215156774,COST,15/09/2023
550,19.97,19.85,20.1,0.204048487,COST,15/09/2023
555,16.25,16.3,16.6,0.195778306,COST,15/09/2023
560,13,13.25,13.5,0.189552782,COST,15/09/2023
565,10.25,10.45,10.7,0.183296741,COST,15/09/2023
570,7.9,8.05,8.35,0.178902254,COST,15/09/2023
575,5.98,6.05,6.3,0.173958456,COST,15/09/2023
51.5,2.75,2.75,2.82,0.508793975,CSCO,18/08/2023
52,2.36,2.36,2.42,0.511723633,CSCO,18/08/2023
52.5,2.03,2,2.06,0.503911211,CSCO,18/08/2023
53,1.69,1.68,1.73,0.497075342,CSCO,18/08/2023
54,1.12,1.11,1.15,0.480473945,CSCO,18/08/2023
55,0.69,0.68,0.7,0.462895996,CSCO,18/08/2023
56,0.38,0.37,0.41,0.459966338,CSCO,18/08/2023
57,0.19,0.19,0.2,0.441411836,CSCO,18/08/2023
51.5,2.83,2.86,2.92,0.374029697,CSCO,25/08/2023
52,2.44,2.48,2.54,0.366705552,CSCO,25/08/2023
52.5,2.11,2.13,2.16,0.35352209,CSCO,25/08/2023
53,1.74,1.79,1.82,0.345221392,CSCO,25/08/2023
54,1.23,1.21,1.23,0.330573101,CSCO,25/08/2023
55,0.78,0.76,0.79,0.323248955,CSCO,25/08/2023
56,0.44,0.44,0.47,0.31592481,CSCO,25/08/2023
57,0.24,0.24,0.26,0.31055377,CSCO,25/08/2023
50,4.25,4.2,4.35,0.375494526,CSCO,01/09/2023
51,3.4,3.35,3.5,0.352545537,CSCO,01/09/2023
52,2.53,2.6,2.68,0.324713784,CSCO,01/09/2023
53,2.16,1.91,1.98,0.308112388,CSCO,01/09/2023
54,1.31,1.33,1.39,0.295173064,CSCO,01/09/2023
55,0.85,0.85,0.93,0.286628228,CSCO,01/09/2023
56,0.5,0.51,0.58,0.278327529,CSCO,01/09/2023
57,0.3,0.29,0.35,0.274421318,CSCO,01/09/2023
50,3.55,4.3,4.45,0.346686221,CSCO,08/09/2023
51,3.58,3.45,3.6,0.323737231,CSCO,08/09/2023
52,2.8,2.71,2.77,0.295173064,CSCO,08/09/2023
53,1.99,2,2.07,0.279792358,CSCO,08/09/2023
54,1.41,1.43,1.49,0.269782693,CSCO,08/09/2023
55,0.93,0.94,1.01,0.259528889,CSCO,08/09/2023
56,0.57,0.58,0.64,0.2500075,CSCO,08/09/2023
57,0.36,0.33,0.39,0.24463646,CSCO,08/09/2023
45,9.05,9.05,9.25,0.483403604,CSCO,15/09/2023
47.5,6.6,6.65,6.8,0.387701436,CSCO,15/09/2023
50,4.47,4.4,4.5,0.318854468,CSCO,15/09/2023
52.5,2.49,2.48,2.51,0.271735798,CSCO,15/09/2023
55,1.04,1.04,1.05,0.236824038,CSCO,15/09/2023
57.5,0.32,0.31,0.34,0.225593682,CSCO,15/09/2023
60,0.09,0.08,0.1,0.229499893,CSCO,15/09/2023
62.5,0.04,0.02,0.04,0.2500075,CSCO,15/09/2023
150,9.95,10.35,10.55,0.482427051,WMT,18/08/2023
152.5,9.3,8.1,8.35,0.458501509,WMT,18/08/2023
155,6.1,6.1,6.3,0.434820105,WMT,18/08/2023
157.5,4.35,4.4,4.55,0.424078025,WMT,18/08/2023
160,3.05,3,3.1,0.415044912,WMT,18/08/2023
162.5,1.9,1.89,1.96,0.404791108,WMT,18/08/2023
165,1.12,1.1,1.15,0.396978687,WMT,18/08/2023
167.5,0.63,0.61,0.66,0.398931792,WMT,18/08/2023
150,11.48,10.65,10.9,0.365728999,WMT,25/08/2023
152.5,8.2,8.5,8.75,0.345709668,WMT,25/08/2023
155,6.35,6.55,6.7,0.322272402,WMT,25/08/2023
157.5,4.6,4.8,4.95,0.310065493,WMT,25/08/2023
160,3.35,3.35,3.45,0.298102722,WMT,25/08/2023
162.5,2.18,2.21,2.25,0.287482711,WMT,25/08/2023
165,1.32,1.35,1.39,0.281257187,WMT,25/08/2023
167.5,0.79,0.78,0.83,0.279792358,WMT,25/08/2023
140,22.1,20.25,20.75,0.458501509,WMT,01/09/2023
145,16.85,15.45,15.95,0.394049028,WMT,01/09/2023
150,11.3,11,11.25,0.328375857,WMT,01/09/2023
155,6.6,6.9,7.2,0.295783409,WMT,01/09/2023
160,3.4,3.65,3.8,0.260993718,WMT,01/09/2023
165,1.42,1.54,1.67,0.245857151,WMT,01/09/2023
170,0.5,0.54,0.61,0.239997834,WMT,01/09/2023
175,0.2,0.18,0.22,0.246101289,WMT,01/09/2023
140,20.82,20.45,21,0.425298716,WMT,08/09/2023
145,15.92,15.6,16.15,0.358648992,WMT,08/09/2023
150,12.1,11.15,11.55,0.306159282,WMT,08/09/2023
155,7.45,7.15,7.4,0.26612062,WMT,08/09/2023
160,3.85,3.9,4.05,0.237678522,WMT,08/09/2023
165,1.74,1.73,1.85,0.222175747,WMT,08/09/2023
170,0.61,0.63,0.69,0.213264703,WMT,08/09/2023
175,0.24,0.22,0.26,0.21778126,WMT,08/09/2023
140,20.65,20.7,21.05,0.38306281,WMT,15/09/2023
145,15.6,16.1,16.35,0.336432417,WMT,15/09/2023
150,11.6,11.6,11.75,0.28626202,WMT,15/09/2023
155,7.47,7.5,7.7,0.253547504,WMT,15/09/2023
160,4.3,4.25,4.35,0.226692303,WMT,15/09/2023
165,1.95,1.98,2.02,0.207161249,WMT,15/09/2023
170,0.75,0.76,0.79,0.198006067,WMT,15/09/2023
175,0.27,0.27,0.29,0.198250205,WMT,15/09/2023
280,8.8,8.65,9.65,0.277595115,MCD,18/08/2023
282.5,6.43,6.6,7.4,0.250251638,MCD,18/08/2023
285,4.65,4.35,4.8,0.181770878,MCD,18/08/2023
287.5,2.59,2.53,2.74,0.149910845,MCD,18/08/2023
290,1.14,1.14,1.3,0.13575083,MCD,18/08/2023
292.5,0.4,0.41,0.51,0.131112205,MCD,18/08/2023
295,0.14,0.12,0.16,0.128914961,MCD,18/08/2023
297.5,0.05,0.05,0.06,0.137215659,MCD,18/08/2023
275,23.81,14.4,15,0.273444766,MCD,25/08/2023
277.5,12.95,11.9,12.6,0.246833704,MCD,25/08/2023
280,9.65,9.75,10.15,0.214607463,MCD,25/08/2023
285,5.3,5.45,5.8,0.172371558,MCD,25/08/2023
287.5,3.8,3.65,3.85,0.15119257,MCD,25/08/2023
290,2.35,2.26,2.4,0.141243939,MCD,25/08/2023
292.5,1.29,1.26,1.33,0.132943241,MCD,25/08/2023
295,0.62,0.6,0.7,0.130623928,MCD,25/08/2023
255,35.95,34.3,35,0.420415952,MCD,01/09/2023
270,21.05,19.05,20.4,0.296637893,MCD,01/09/2023
275,14.95,14.65,15.6,0.252815089,MCD,01/09/2023
280,10.1,10.15,10.6,0.19348951,MCD,01/09/2023
285,6.82,5.6,6.35,0.159676372,MCD,01/09/2023
290,2.81,2.86,3,0.135262554,MCD,01/09/2023
295,1,1.02,1.12,0.125741165,MCD,01/09/2023
300,0.36,0.32,0.4,0.128914961,MCD,01/09/2023
270,19.85,19.7,20.4,0.225044371,MCD,15/09/2023
275,14.45,14.7,15.65,0.193916752,MCD,15/09/2023
280,10.2,10.65,11.05,0.16327741,MCD,15/09/2023
285,6.52,6.9,7.1,0.144204115,MCD,15/09/2023
290,3.73,3.8,3.95,0.130196686,MCD,15/09/2023
295,1.75,1.76,1.86,0.121590815,MCD,15/09/2023
300,0.72,0.72,0.79,0.119576675,MCD,15/09/2023
305,0.3,0.3,0.35,0.123788059,MCD,15/09/2023
28.5,2.47,2.41,2.5,0.511723633,BAC,18/08/2023
29,1.92,1.93,2.01,0.443364941,BAC,18/08/2023
29.5,1.48,1.45,1.52,0.369146934,BAC,18/08/2023
30,1.03,0.99,1.04,0.296882031,BAC,18/08/2023
30.5,0.58,0.58,0.62,0.254890264,BAC,18/08/2023
31,0.27,0.27,0.29,0.224617129,BAC,18/08/2023
31.5,0.1,0.09,0.1,0.208992285,BAC,18/08/2023
32,0.03,0.03,0.04,0.226570234,BAC,18/08/2023
29,1.91,2.01,2.08,0.347662773,BAC,25/08/2023
29.5,1.45,1.57,1.62,0.31055377,BAC,25/08/2023
30,1.16,1.14,1.19,0.279304082,BAC,25/08/2023
30.5,0.72,0.78,0.8,0.251960605,BAC,25/08/2023
31,0.48,0.47,0.49,0.234382656,BAC,25/08/2023
31.5,0.26,0.25,0.27,0.223640576,BAC,25/08/2023
32,0.14,0.12,0.14,0.221687471,BAC,25/08/2023
32.5,0.06,0.06,0.07,0.224617129,BAC,25/08/2023
26,4.9,4.95,5.05,0.535160898,BAC,01/09/2023
27,4.02,3.95,4.1,0.486333262,BAC,01/09/2023
28,3,3,3.1,0.387701436,BAC,01/09/2023
29,2,2.05,2.13,0.304694453,BAC,01/09/2023
30,1.24,1.24,1.28,0.260261304,BAC,01/09/2023
31,0.54,0.58,0.6,0.225105405,BAC,01/09/2023
32,0.21,0.2,0.21,0.208992285,BAC,01/09/2023
33,0.07,0.06,0.07,0.216804707,BAC,01/09/2023
26,5.22,4.95,5.05,0.45703668,BAC,08/09/2023
27,4,4,4.1,0.415044912,BAC,08/09/2023
28,3.35,3,3.1,0.331061377,BAC,08/09/2023
29,2.07,2.1,2.17,0.279304082,BAC,08/09/2023
30,1.29,1.28,1.34,0.243171631,BAC,08/09/2023
31,0.64,0.65,0.68,0.216804707,BAC,08/09/2023
32,0.26,0.26,0.28,0.205086074,BAC,08/09/2023
33,0.09,0.09,0.11,0.209968838,BAC,08/09/2023
27,4.41,4,4.1,0.368170381,BAC,15/09/2023
28,2.98,3.05,3.15,0.319342744,BAC,15/09/2023
29,2.19,2.16,2.21,0.263679238,BAC,15/09/2023
30,1.31,1.39,1.42,0.240241973,BAC,15/09/2023
31,0.71,0.76,0.78,0.219246089,BAC,15/09/2023
32,0.36,0.35,0.37,0.209968838,BAC,15/09/2023
33,0.14,0.14,0.15,0.205574351,BAC,15/09/2023
34,0.07,0.06,0.07,0.216804707,BAC,15/09/2023
202.5,7.4,9.85,10.7,0.449224258,CRM,18/08/2023
205,7.2,7.55,8.15,0.365728999,CRM,18/08/2023
207.5,5.5,5.45,5.75,0.29834686,CRM,18/08/2023
210,3.74,3.65,3.8,0.268317864,CRM,18/08/2023
212.5,2.27,2.26,2.36,0.259773027,CRM,18/08/2023
215,1.28,1.25,1.32,0.252937158,CRM,18/08/2023
217.5,0.67,0.64,0.7,0.254157849,CRM,18/08/2023
220,0.35,0.33,0.35,0.257331646,CRM,18/08/2023
200,11,12.95,13.45,0.363287617,CRM,25/08/2023
202.5,10.7,10.75,11.3,0.345221392,CRM,25/08/2023
205,8.65,8.7,9.2,0.323493093,CRM,25/08/2023
207.5,6.7,6.9,7.1,0.293464097,CRM,25/08/2023
210,5.25,5.25,5.4,0.281135118,CRM,25/08/2023
212.5,3.8,3.85,3.95,0.271369591,CRM,25/08/2023
215,2.71,2.71,2.79,0.265021998,CRM,25/08/2023
217.5,1.85,1.88,1.91,0.261604064,CRM,25/08/2023
190,23.5,23.85,24.3,0.516728466,CRM,01/09/2023
195,19.16,19.55,20.2,0.501469829,CRM,01/09/2023
200,15.27,15.65,16,0.462529789,CRM,01/09/2023
205,10.5,12.15,12.65,0.456792542,CRM,01/09/2023
210,8.9,9.2,9.45,0.436407003,CRM,01/09/2023
215,6.75,6.65,6.9,0.426519407,CRM,01/09/2023
220,4.65,4.7,4.9,0.420782159,CRM,01/09/2023
225,3.25,3.25,3.35,0.415411119,CRM,01/09/2023
195,19.7,20.05,20.7,0.45837944,CRM,08/09/2023
200,15.85,16.15,16.9,0.442510458,CRM,08/09/2023
205,12.27,12.8,13.1,0.411871116,CRM,08/09/2023
210,9.4,9.75,10.05,0.399908345,CRM,08/09/2023
215,6.65,7.25,7.45,0.389044196,CRM,08/09/2023
220,5.25,5.2,5.4,0.38306281,CRM,08/09/2023
225,3.7,3.65,3.9,0.383429017,CRM,08/09/2023
230,2.48,2.54,2.63,0.376593148,CRM,08/09/2023
185,28.47,29.2,30.05,0.502934658,CRM,15/09/2023
190,24.25,24.85,25.4,0.45837944,CRM,15/09/2023
195,19.95,20.75,21.5,0.447576325,CRM,15/09/2023
200,16.25,16.9,17.5,0.420049745,CRM,15/09/2023
210,10.75,10.75,10.95,0.390753163,CRM,15/09/2023
220,6.2,6.1,6.3,0.376837286,CRM,15/09/2023
230,3.25,3.2,3.35,0.370855901,CRM,15/09/2023
240,1.59,1.62,1.72,0.372809006,CRM,15/09/2023
84,4.85,4.8,5.05,0.404302832,DIS,18/08/2023
85,3.85,3.9,4.1,0.363287617,DIS,18/08/2023
86,2.98,3,3.15,0.31445998,DIS,18/08/2023
87,2.14,2.2,2.27,0.278815806,DIS,18/08/2023
88,1.53,1.5,1.53,0.26074958,DIS,18/08/2023
89,0.98,0.95,0.98,0.258308198,DIS,18/08/2023
90,0.56,0.57,0.58,0.256843369,DIS,18/08/2023
91,0.33,0.32,0.34,0.263679238,DIS,18/08/2023
84,4.85,5.15,5.3,0.330084824,DIS,25/08/2023
85,4.15,4.3,4.4,0.306159282,DIS,25/08/2023
86,3.55,3.5,3.6,0.295417202,DIS,25/08/2023
87,2.72,2.76,2.83,0.280036497,DIS,25/08/2023
88,2.12,2.11,2.16,0.269782693,DIS,25/08/2023
89,1.54,1.57,1.6,0.263190962,DIS,25/08/2023
90,1.15,1.13,1.16,0.261237856,DIS,25/08/2023
91,0.8,0.79,0.82,0.26074958,DIS,25/08/2023
84,5.65,5.5,5.65,0.325202061,DIS,01/09/2023
85,4.65,4.65,4.8,0.308112388,DIS,01/09/2023
86,4.15,3.9,4.05,0.300055828,DIS,01/09/2023
87,2.82,3.2,3.3,0.285163398,DIS,01/09/2023
88,2.57,2.57,2.65,0.276130286,DIS,01/09/2023
89,2.04,2.04,2.08,0.268562002,DIS,01/09/2023
90,1.59,1.57,1.61,0.264655791,DIS,01/09/2023
91,1.19,1.19,1.23,0.262702686,DIS,01/09/2023
85,4.55,4.95,5.15,0.30786825,DIS,08/09/2023
86,4.24,4.2,4.3,0.286139951,DIS,08/09/2023
87,3.59,3.5,3.65,0.282966155,DIS,08/09/2023
88,2.86,2.91,2.99,0.272468213,DIS,08/09/2023
89,2.3,2.38,2.42,0.265632344,DIS,08/09/2023
90,1.88,1.91,1.95,0.262702686,DIS,08/09/2023
91,1.53,1.48,1.59,0.264899929,DIS,08/09/2023
92,1.2,1.18,1.25,0.263068893,DIS,08/09/2023
70,19.5,19.15,19.35,0.550785742,DIS,15/09/2023
75,13.89,14.25,14.4,0.456548403,DIS,15/09/2023
80,9.5,9.5,9.65,0.36426417,DIS,15/09/2023
85,5.35,5.3,5.4,0.300666173,DIS,15/09/2023
90,2.32,2.3,2.33,0.269172347,DIS,15/09/2023
95,0.82,0.82,0.83,0.267341311,DIS,15/09/2023
100,0.32,0.31,0.32,0.288093057,DIS,15/09/2023
105,0.14,0.13,0.15,0.318366191,DIS,15/09/2023
300,10.46,11.1,14.4,0.493901545,ACN,18/08/2023
302.5,9.7,9,11.6,0.410406287,ACN,18/08/2023
305,7.5,6.1,8.2,0.276130286,ACN,18/08/2023
307.5,4.3,5.4,6.4,0.272712351,ACN,18/08/2023
310,3.7,3.7,4.1,0.218513674,ACN,18/08/2023
312.5,2.75,2.35,2.65,0.207771594,ACN,18/08/2023
315,1.45,1.35,1.55,0.198494343,ACN,18/08/2023
317.5,0.75,0.7,0.85,0.194588132,ACN,18/08/2023
295,23.9,16.7,19.4,0.390997301,ACN,25/08/2023
300,11.4,12.6,14.8,0.340948973,ACN,25/08/2023
305,9.2,8.9,9.5,0.246894738,ACN,25/08/2023
307.5,7.6,7.2,7.6,0.233406104,ACN,25/08/2023
310,6,5.6,5.9,0.222297816,ACN,25/08/2023
312.5,4.5,4.2,4.5,0.216377465,ACN,25/08/2023
315,3.1,3,3.3,0.210212976,ACN,25/08/2023
317.5,2.45,2.15,2.35,0.205940558,ACN,25/08/2023
295,20.23,19.8,20.8,0.285163398,ACN,15/09/2023
300,15.1,15.9,17.5,0.289924093,ACN,15/09/2023
305,12.65,12.5,12.9,0.247566118,ACN,15/09/2023
310,9.6,9.2,9.5,0.231147825,ACN,15/09/2023
315,6.85,6.5,6.7,0.219246089,ACN,15/09/2023
320,4.3,4.2,4.5,0.210335045,ACN,15/09/2023
325,2.7,2.65,2.85,0.202949865,ACN,15/09/2023
330,1.75,1.6,1.9,0.205147109,ACN,15/09/2023
103,2.38,3.25,3.4,0.267097173,ABT,18/08/2023
104,2,2.29,2.51,0.23926542,ABT,18/08/2023
105,1.59,1.57,1.7,0.215339878,ABT,18/08/2023
106,0.93,0.94,1.01,0.193855718,ABT,18/08/2023
107,0.46,0.47,0.53,0.183113638,ABT,18/08/2023
108,0.23,0.21,0.27,0.185066743,ABT,18/08/2023
109,0.11,0.1,0.13,0.18946123,ABT,18/08/2023
110,0.07,0.06,0.07,0.201179863,ABT,18/08/2023
103,3.5,3.6,3.75,0.2365799,ABT,25/08/2023
104,2.4,2.82,2.95,0.223396438,ABT,25/08/2023
105,2.07,2.12,2.18,0.205574351,ABT,25/08/2023
106,1.45,1.51,1.55,0.195564685,ABT,25/08/2023
107,0.97,0.98,1.04,0.187508125,ABT,25/08/2023
108,0.6,0.61,0.67,0.183601914,ABT,25/08/2023
109,0.38,0.38,0.42,0.183113638,ABT,25/08/2023
110,0.23,0.21,0.25,0.182625361,ABT,25/08/2023
101,5.05,5.7,5.85,0.267585449,ABT,01/09/2023
103,3.61,4,4.15,0.238777144,ABT,01/09/2023
104,4,3.2,3.45,0.234870933,ABT,01/09/2023
105,2.56,2.58,2.66,0.214851602,ABT,01/09/2023
106,1.92,1.97,2.01,0.2030109,ABT,01/09/2023
107,1.12,1.44,1.5,0.197517791,ABT,01/09/2023
108,1,0.97,1.12,0.197273652,ABT,01/09/2023
109,0.57,0.66,0.82,0.197517791,ABT,01/09/2023
90,16.6,16.4,17.1,0.49731948,ABT,15/09/2023
95,10.7,11.6,12.2,0.390875232,ABT,15/09/2023
100,7.05,7.05,7.35,0.281745464,ABT,15/09/2023
105,3.2,3.2,3.3,0.214363325,ABT,15/09/2023
110,0.9,0.89,0.9,0.181648809,ABT,15/09/2023
115,0.16,0.16,0.2,0.184578467,ABT,15/09/2023
120,0.05,0.03,0.05,0.199226758,ABT,15/09/2023
125,0.09,0,0.03,0.236335762,ABT,15/09/2023
360,23.47,21.8,23.7,0.479497393,LIN,18/08/2023
365,18.5,15.9,18.9,0.420171814,LIN,18/08/2023
370,13.43,10.7,14.3,0.368780726,LIN,18/08/2023
375,8.13,7.6,8.7,0.235969554,LIN,18/08/2023
380,3.6,4.3,5,0.214485394,LIN,18/08/2023
385,1.8,1.7,3.6,0.272712351,LIN,18/08/2023
390,0.67,0.45,0.8,0.186287434,LIN,18/08/2023
395,0.24,0.15,0.35,0.203621245,LIN,18/08/2023
360,27.72,24.5,25.9,0.260566476,LIN,15/09/2023
365,21.8,20.2,21.9,0.252204744,LIN,15/09/2023
370,18.1,16.4,17.4,0.225624199,LIN,15/09/2023
375,14.4,12.9,13.4,0.206611938,LIN,15/09/2023
380,9.89,9.7,10.2,0.198494343,LIN,15/09/2023
385,7.6,6.9,7.3,0.187813298,LIN,15/09/2023
390,5.12,4.8,5.2,0.184639501,LIN,15/09/2023
395,3.2,3,3.6,0.1828695,LIN,15/09/2023
360,37,29,30.4,0.267341311,LIN,20/10/2023
365,29.1,24.3,26.4,0.255134402,LIN,20/10/2023
370,23.8,22,22.3,0.238777144,LIN,20/10/2023
375,20.2,18.4,18.9,0.230812135,LIN,20/10/2023
380,16.3,15.3,15.8,0.223884714,LIN,20/10/2023
385,14.4,12.1,13.1,0.21912402,LIN,20/10/2023
390,10.3,10,10.4,0.210121424,LIN,20/10/2023
395,7.9,7.8,8.3,0.205910041,LIN,20/10/2023
365,33.5,34.8,37,0.280616325,LIN,19/01/2024
370,36.68,31.3,33,0.267600708,LIN,19/01/2024
375,31.9,28.2,29.4,0.257606301,LIN,19/01/2024
380,25.6,25.1,26.5,0.253349141,LIN,19/01/2024
385,22.5,22.2,24,0.251594398,LIN,19/01/2024
390,21.4,18.7,20.2,0.235389726,LIN,19/01/2024
395,19.9,17,18.8,0.241493181,LIN,19/01/2024
400,15.1,14.7,16.2,0.233970673,LIN,19/01/2024
350,59.05,56.3,60.2,0.313025669,LIN,21/06/2024
360,51.7,55.1,57.6,0.33438776,LIN,21/06/2024
370,40.9,44.8,46.2,0.287360642,LIN,21/06/2024
380,46.3,38.8,41.5,0.287742108,LIN,21/06/2024
390,36,33.1,35,0.272590282,LIN,21/06/2024
400,28,27.8,29.3,0.260429149,LIN,21/06/2024
410,24.5,23.6,24.8,0.253898452,LIN,21/06/2024
420,21.1,19.5,20.8,0.24799336,LIN,21/06/2024
512.5,13.02,12.65,13.8,0.331061377,ADBE,18/08/2023
515,11.29,10.6,11.85,0.317450673,ADBE,18/08/2023
517.5,9.14,9.2,10.1,0.30841756,ADBE,18/08/2023
520,8,7.8,8.6,0.304938591,ADBE,18/08/2023
522.5,6.65,6.75,7.35,0.30640342,ADBE,18/08/2023
525,5.5,5.4,6.05,0.300361,ADBE,18/08/2023
527.5,4.55,4.5,5,0.29901824,ADBE,18/08/2023
530,3.47,3.45,4.15,0.300727208,ADBE,18/08/2023
512.5,17.58,16.8,18,0.33472345,ADBE,25/08/2023
515,15.25,15.4,16.2,0.326178613,ADBE,25/08/2023
517.5,14.5,14.15,14.6,0.321173781,ADBE,25/08/2023
520,12.38,12.75,13.1,0.316779293,ADBE,25/08/2023
522.5,10.95,11.35,11.8,0.315619637,ADBE,25/08/2023
525,10.2,10.15,10.5,0.312201702,ADBE,25/08/2023
527.5,9.11,8.95,9.35,0.31055377,ADBE,25/08/2023
530,7.67,7.9,8.55,0.316107913,ADBE,25/08/2023
500,25,28.8,30.75,0.37433487,ADBE,01/09/2023
505,25,25.25,26.45,0.350928122,ADBE,01/09/2023
510,22.05,21.75,22.75,0.33808035,ADBE,01/09/2023
515,17.85,18.7,19.95,0.340399662,ADBE,01/09/2023
520,15.85,15.9,16.45,0.322577575,ADBE,01/09/2023
525,13.35,13.3,14.1,0.323920335,ADBE,01/09/2023
530,11.05,10.95,11.75,0.319831021,ADBE,01/09/2023
535,9.4,8.95,9.85,0.31995309,ADBE,01/09/2023
500,25.1,30.95,32.35,0.353125365,ADBE,08/09/2023
505,17.95,27.35,28.75,0.345435013,ADBE,08/09/2023
510,24.5,23.85,25.6,0.343024148,ADBE,08/09/2023
515,21.1,21.1,22,0.32868103,ADBE,08/09/2023
520,16.75,18.1,18.85,0.319098606,ADBE,08/09/2023
525,15.7,15.65,16.5,0.320075159,ADBE,08/09/2023
530,13.5,13.3,13.9,0.312506875,ADBE,08/09/2023
535,11.25,11.2,11.75,0.308966871,ADBE,08/09/2023
500,37.35,36.7,38.1,0.415228016,ADBE,15/09/2023
505,30.45,33.55,34.75,0.409124561,ADBE,15/09/2023
510,30.38,30.85,31.2,0.397405928,ADBE,15/09/2023
515,27.6,27.9,28.3,0.394079546,ADBE,15/09/2023
520,25.25,25.1,25.45,0.389044196,ADBE,15/09/2023
525,22.67,22.6,22.9,0.386267124,ADBE,15/09/2023
530,20,20.15,20.5,0.383276431,ADBE,15/09/2023
535,17.66,17.9,18.3,0.380896084,ADBE,15/09/2023
162.5,7.59,7.95,8.65,0.410650425,TXN,18/08/2023
165,4.7,5.8,6.25,0.339362075,TXN,18/08/2023
167.5,3.5,3.7,4.05,0.285651675,TXN,18/08/2023
170,2.05,2.05,2.22,0.247810256,TXN,18/08/2023
172.5,0.91,0.88,1.03,0.233406104,TXN,18/08/2023
175,0.32,0.28,0.35,0.218269536,TXN,18/08/2023
177.5,0.08,0.08,0.1,0.214851602,TXN,18/08/2023
180,0.04,0,0.06,0.248054395,TXN,18/08/2023
162.5,8.31,8.85,9.2,0.332892413,TXN,25/08/2023
165,5.7,6.75,7,0.29834686,TXN,25/08/2023
167.5,4.8,4.9,5.1,0.278571667,TXN,25/08/2023
170,3.35,3.4,3.5,0.264289584,TXN,25/08/2023
172.5,2.07,2.13,2.32,0.260383373,TXN,25/08/2023
175,1.21,1.22,1.31,0.244270253,TXN,25/08/2023
177.5,0.61,0.64,0.76,0.244392322,TXN,25/08/2023
180,0.31,0.32,0.37,0.237068176,TXN,25/08/2023
145,24,25.7,26.4,0.550541604,TXN,01/09/2023
150,18.66,20.85,21.6,0.489751196,TXN,01/09/2023
155,26.72,16.1,16.6,0.397955239,TXN,01/09/2023
165,4.45,7.45,7.8,0.297614446,TXN,01/09/2023
170,3.75,4.1,4.45,0.27149166,TXN,01/09/2023
175,1.71,1.86,2.04,0.24732198,TXN,01/09/2023
180,0.63,0.68,0.75,0.233650242,TXN,01/09/2023
185,0.17,0.21,0.31,0.243659907,TXN,01/09/2023
155,12.75,16.85,17.3,0.35889313,TXN,15/09/2023
160,9.95,12.4,13,0.325568268,TXN,15/09/2023
165,7.95,8.55,8.9,0.285773744,TXN,15/09/2023
170,5.45,5.45,5.55,0.259895096,TXN,15/09/2023
175,2.93,2.91,3.05,0.240730249,TXN,15/09/2023
180,1.4,1.37,1.46,0.227790925,TXN,15/09/2023
185,0.58,0.56,0.64,0.222786093,TXN,15/09/2023
190,0.22,0.24,0.28,0.224617129,TXN,15/09/2023
32,1.59,1.57,1.64,0.347662773,VZ,18/08/2023
32.5,1.12,1.1,1.16,0.287116504,VZ,18/08/2023
33,0.67,0.66,0.7,0.226570234,VZ,18/08/2023
33.5,0.31,0.31,0.33,0.191414336,VZ,18/08/2023
34,0.1,0.1,0.12,0.182625361,VZ,18/08/2023
34.5,0.04,0.03,0.04,0.191414336,VZ,18/08/2023
35,0.01,0.01,0.02,0.222664023,VZ,18/08/2023
35.5,0.01,0,0.01,0.2500075,VZ,18/08/2023
32,1.69,1.67,1.71,0.276374424,VZ,25/08/2023
32.5,1.23,1.22,1.3,0.265632344,VZ,25/08/2023
33,0.77,0.83,0.86,0.221687471,VZ,25/08/2023
33.5,0.52,0.5,0.52,0.202156416,VZ,25/08/2023
34,0.28,0.27,0.28,0.191414336,VZ,25/08/2023
34.5,0.13,0.13,0.14,0.18946123,VZ,25/08/2023
35,0.06,0.06,0.07,0.195320547,VZ,25/08/2023
35.5,0.03,0.03,0.04,0.208992285,VZ,25/08/2023
29,4.55,4.6,4.75,0.516606396,VZ,01/09/2023
30,3.7,3.65,3.75,0.425786992,VZ,01/09/2023
31,2.45,2.68,2.76,0.339850352,VZ,01/09/2023
32,1.6,1.76,1.84,0.281257187,VZ,01/09/2023
33,0.95,0.96,1.01,0.229499893,VZ,01/09/2023
34,0.41,0.39,0.42,0.200203311,VZ,01/09/2023
35,0.12,0.12,0.15,0.199226758,VZ,01/09/2023
36,0.04,0.04,0.05,0.20703918,VZ,01/09/2023
29,4.4,4.65,4.75,0.441411836,VZ,08/09/2023
30,2.93,3.65,3.8,0.391607646,VZ,08/09/2023
31,2.13,2.68,2.85,0.33203793,VZ,08/09/2023
32,1.77,1.81,1.89,0.258796475,VZ,08/09/2023
33,1.06,1.04,1.12,0.22852334,VZ,08/09/2023
34,0.44,0.49,0.52,0.199715034,VZ,08/09/2023
35,0.18,0.17,0.19,0.186531572,VZ,08/09/2023
36,0.05,0.05,0.06,0.18555502,VZ,08/09/2023
29,4.3,4.7,4.8,0.418951123,VZ,15/09/2023
30,3.7,3.75,3.85,0.370123486,VZ,15/09/2023
31,2.74,2.8,2.88,0.306647559,VZ,15/09/2023
32,1.97,1.94,1.99,0.261237856,VZ,15/09/2023
33,1.2,1.19,1.21,0.226081958,VZ,15/09/2023
34,0.59,0.61,0.62,0.202644692,VZ,15/09/2023
35,0.25,0.25,0.26,0.188972954,VZ,15/09/2023
36,0.1,0.09,0.1,0.187508125,VZ,15/09/2023
247.5,9.5,9.2,12.3,0.536137451,DHR,18/08/2023
250,7.89,7.5,8,0.271247522,DHR,18/08/2023
252.5,5.33,5.4,5.9,0.251716467,DHR,18/08/2023
255,4.1,3.6,3.9,0.223274369,DHR,18/08/2023
257.5,2.32,2.15,2.4,0.212776427,DHR,18/08/2023
260,1.2,1.15,1.35,0.208015732,DHR,18/08/2023
262.5,0.6,0.55,0.7,0.207283318,DHR,18/08/2023
265,0.3,0.2,0.4,0.219001951,DHR,18/08/2023
245,12.4,13,14.9,0.398565585,DHR,25/08/2023
247.5,9.5,9.6,12.9,0.384893846,DHR,25/08/2023
250,10.7,8.7,10.6,0.347662773,DHR,25/08/2023
255,5.9,5.2,5.5,0.233345069,DHR,25/08/2023
257.5,4.1,3.8,4,0.223396438,DHR,25/08/2023
260,2.98,2.6,2.8,0.216804707,DHR,25/08/2023
262.5,1.75,1.75,1.9,0.213386772,DHR,25/08/2023
265,1.15,1.1,1.25,0.211921943,DHR,25/08/2023
210,43.5,46.1,49.8,0.569340244,DHR,01/09/2023
240,17.78,17.9,20.3,0.410894563,DHR,01/09/2023
250,9.21,9.3,12.2,0.351446915,DHR,01/09/2023
255,8.9,5.8,6.9,0.246467496,DHR,01/09/2023
260,3.6,3.6,4.1,0.229133685,DHR,01/09/2023
265,2.1,1.9,2.2,0.218879882,DHR,01/09/2023
270,0.95,0.85,1.1,0.215339878,DHR,01/09/2023
275,0.54,0.35,0.6,0.223640576,DHR,01/09/2023
210,37.5,32.5,35.2,1.00E-05,DHR,15/09/2023
220,39.35,36.3,41,0.560062993,DHR,15/09/2023
230,31.41,27.7,31.5,0.475713251,DHR,15/09/2023
240,19.9,19,20.5,0.320441366,DHR,15/09/2023
250,11.4,11.1,12,0.259589924,DHR,15/09/2023
260,5.81,5.5,5.8,0.229621962,DHR,15/09/2023
270,2.12,2.05,2.25,0.216072292,DHR,15/09/2023
280,0.75,0.55,0.8,0.217537122,DHR,15/09/2023
44.5,1.98,2.09,2.21,0.369146934,CMCSA,18/08/2023
45,1.59,1.61,1.7,0.298835137,CMCSA,18/08/2023
45.5,1.18,1.12,1.22,0.246101289,CMCSA,18/08/2023
46,0.77,0.75,0.81,0.221687471,CMCSA,18/08/2023
46.5,0.47,0.42,0.46,0.197273652,CMCSA,18/08/2023
47,0.21,0.18,0.23,0.18946123,CMCSA,18/08/2023
47.5,0.11,0.07,0.11,0.193367441,CMCSA,18/08/2023
48,0.04,0.02,0.04,0.187508125,CMCSA,18/08/2023
44,2.66,2.65,2.79,0.320319297,CMCSA,25/08/2023
45,1.74,1.76,1.83,0.249519224,CMCSA,25/08/2023
45.5,1.4,1.35,1.44,0.240241973,CMCSA,25/08/2023
46,0.95,0.99,1.03,0.213875049,CMCSA,25/08/2023
46.5,0.61,0.68,0.71,0.202156416,CMCSA,25/08/2023
47,0.47,0.44,0.46,0.194343994,CMCSA,25/08/2023
47.5,0.28,0.26,0.29,0.192390889,CMCSA,25/08/2023
48,0.14,0.14,0.18,0.195320547,CMCSA,25/08/2023
42,3.6,4.6,4.8,0.389654541,CMCSA,01/09/2023
43,3.72,3.7,3.95,0.384771777,CMCSA,01/09/2023
44,2.75,2.78,2.94,0.308600664,CMCSA,01/09/2023
45,1.91,1.89,1.98,0.243659907,CMCSA,01/09/2023
46,1.13,1.16,1.21,0.214363325,CMCSA,01/09/2023
47,0.54,0.6,0.65,0.200203311,CMCSA,01/09/2023
48,0.34,0.26,0.29,0.18946123,CMCSA,01/09/2023
49,0.11,0.09,0.14,0.198250205,CMCSA,01/09/2023
42,4.42,4.65,4.85,0.35352209,CMCSA,08/09/2023
43,2.92,3.75,3.9,0.312506875,CMCSA,08/09/2023
44,2.15,2.84,3.05,0.293952373,CMCSA,08/09/2023
45,2.01,2.02,2.09,0.234870933,CMCSA,08/09/2023
46,1.03,1.29,1.37,0.216316431,CMCSA,08/09/2023
47,0.71,0.73,0.79,0.199715034,CMCSA,08/09/2023
48,0.38,0.35,0.41,0.191414336,CMCSA,08/09/2023
49,0.18,0.15,0.2,0.190437783,CMCSA,08/09/2023
35,11.61,11.65,11.8,0.591800957,CMCSA,15/09/2023
37.5,8.4,9.2,9.35,0.501958105,CMCSA,15/09/2023
40,5.69,6.75,6.85,0.414068359,CMCSA,15/09/2023
42.5,4.26,4.35,4.45,0.319342744,CMCSA,15/09/2023
45,2.14,2.16,2.25,0.241706802,CMCSA,15/09/2023
47.5,0.68,0.68,0.71,0.198250205,CMCSA,15/09/2023
50,0.18,0.12,0.17,0.200691587,CMCSA,15/09/2023
52.5,0.05,0.01,0.06,0.232429551,CMCSA,15/09/2023
108,4.75,4.7,4.8,0.443853218,AMD,18/08/2023
109,4,3.95,4.1,0.447759429,AMD,18/08/2023
110,3.33,3.25,3.4,0.438970454,AMD,18/08/2023
111,2.71,2.69,2.75,0.427740098,AMD,18/08/2023
112,2.17,2.17,2.2,0.422613196,AMD,18/08/2023
113,1.68,1.68,1.7,0.413580083,AMD,18/08/2023
114,1.28,1.27,1.3,0.409673872,AMD,18/08/2023
115,0.95,0.93,0.98,0.408209043,AMD,18/08/2023
107,6.85,6.8,6.95,0.501958105,AMD,25/08/2023
108,6.14,6.1,6.25,0.496098789,AMD,25/08/2023
109,5.51,5.5,5.6,0.492192578,AMD,25/08/2023
110,4.95,4.9,4.95,0.483403604,AMD,25/08/2023
111,4.3,4.3,4.4,0.482427051,AMD,25/08/2023
112,3.85,3.85,3.9,0.482671189,AMD,25/08/2023
113,3.35,3.35,3.4,0.478032563,AMD,25/08/2023
114,2.92,2.9,2.96,0.475591182,AMD,25/08/2023
108,6.75,6.9,7,0.474370491,AMD,01/09/2023
109,6.2,6.3,6.4,0.473760145,AMD,01/09/2023
110,5.63,5.7,5.85,0.474858767,AMD,01/09/2023
111,5.15,5.15,5.25,0.467656691,AMD,01/09/2023
112,4.63,4.65,4.7,0.462163582,AMD,01/09/2023
113,4.2,4.15,4.3,0.468267036,AMD,01/09/2023
114,3.7,3.7,3.85,0.466191862,AMD,01/09/2023
115,3.33,3.3,3.4,0.460942891,AMD,01/09/2023
107,7.48,8.15,8.25,0.463384272,AMD,08/09/2023
108,7.05,7.5,7.6,0.459478062,AMD,08/09/2023
109,6.7,6.9,7,0.457524956,AMD,08/09/2023
110,6.15,6.3,6.4,0.453130469,AMD,08/09/2023
111,5.65,5.75,5.85,0.450567018,AMD,08/09/2023
112,5.27,5.25,5.4,0.453862883,AMD,08/09/2023
113,4.7,4.75,4.85,0.446416669,AMD,08/09/2023
114,4.18,4.3,4.45,0.449102189,AMD,08/09/2023
90,22.5,22.65,23.1,0.583011982,AMD,15/09/2023
95,18.14,18.05,18.5,0.531254688,AMD,15/09/2023
100,13.7,13.8,14.05,0.499516724,AMD,15/09/2023
105,10.1,10.1,10.25,0.472173247,AMD,15/09/2023
110,7,7,7.1,0.455327712,AMD,15/09/2023
115,4.6,4.55,4.65,0.443975287,AMD,15/09/2023
120,2.85,2.85,2.88,0.436407003,AMD,15/09/2023
125,1.7,1.69,1.73,0.435308381,AMD,15/09/2023
417.5,11.75,12.5,12.95,0.332892413,NFLX,18/08/2023
420,10.81,10.7,11.05,0.324591715,NFLX,18/08/2023
422.5,9.1,9,9.3,0.317999984,NFLX,18/08/2023
425,7.4,7.45,7.7,0.312018599,NFLX,18/08/2023
427.5,6.05,6.05,6.25,0.305915144,NFLX,18/08/2023
430,4.85,4.85,5,0.301886864,NFLX,18/08/2023
432.5,3.9,3.85,3.9,0.2970041,NFLX,18/08/2023
435,2.92,2.84,3,0.294074442,NFLX,18/08/2023
420,14.2,14.3,14.5,0.33069517,NFLX,25/08/2023
422.5,11.55,12.65,12.9,0.326483786,NFLX,25/08/2023
425,10.75,11.25,11.45,0.324225508,NFLX,25/08/2023
427.5,9.8,9.8,10.05,0.320380331,NFLX,25/08/2023
430,8.6,8.6,8.75,0.316535155,NFLX,25/08/2023
432.5,7.3,7.45,7.6,0.314337911,NFLX,25/08/2023
435,6.3,6.35,6.55,0.312079633,NFLX,25/08/2023
437.5,5.4,5.45,5.6,0.309821355,NFLX,25/08/2023
410,22.13,23.9,24.35,0.358343819,NFLX,01/09/2023
415,18.5,20.35,21,0.356512783,NFLX,01/09/2023
420,16.9,17.05,17.45,0.34210863,NFLX,01/09/2023
425,12.82,14.1,14.45,0.335333795,NFLX,01/09/2023
430,10.32,11.5,11.7,0.327399304,NFLX,01/09/2023
435,9.25,8.9,9.4,0.323096369,NFLX,01/09/2023
440,6.84,7.1,7.4,0.318549295,NFLX,01/09/2023
445,5.33,5.45,5.9,0.319708951,NFLX,01/09/2023
405,28.95,29.55,30.15,0.367560035,NFLX,08/09/2023
410,29.05,25.7,26.55,0.361670202,NFLX,08/09/2023
415,21.15,22.5,23.25,0.358008129,NFLX,08/09/2023
420,18.35,19.1,19.6,0.341254146,NFLX,08/09/2023
425,15.25,16.2,16.75,0.337531039,NFLX,08/09/2023
430,13,13.6,13.95,0.329291375,NFLX,08/09/2023
435,10.35,11.3,11.6,0.325202061,NFLX,08/09/2023
440,8.5,9.25,9.55,0.321906195,NFLX,08/09/2023
410,27.7,27.85,28.3,0.359045716,NFLX,15/09/2023
415,22.45,24.6,24.9,0.351965709,NFLX,15/09/2023
420,20.75,21.45,21.75,0.346014841,NFLX,15/09/2023
425,18.6,18.6,18.8,0.339789317,NFLX,15/09/2023
430,15.8,15.9,16.15,0.335150692,NFLX,15/09/2023
435,12.67,13.55,13.75,0.330908791,NFLX,15/09/2023
440,11.4,11.4,11.65,0.328070684,NFLX,15/09/2023
445,9.15,9.55,9.75,0.324713784,NFLX,15/09/2023
65,4.5,3.5,3.8,0.424810439,NEE,18/08/2023
66,2.8,2.6,2.75,0.312506875,NEE,18/08/2023
67,2.6,1.7,1.9,0.289557886,NEE,18/08/2023
67.5,1.6,1.3,1.45,0.255866816,NEE,18/08/2023
68,0.95,0.95,1.05,0.230964722,NEE,18/08/2023
69,0.45,0.4,0.5,0.217292983,NEE,18/08/2023
69.5,0.25,0.25,0.3,0.20703918,NEE,18/08/2023
70,0.16,0.1,0.25,0.236335762,NEE,18/08/2023
62,7.2,6.5,6.9,0.378912461,NEE,01/09/2023
65,4.18,3.8,4,0.270026831,NEE,01/09/2023
66,3.61,2.9,3.1,0.241706802,NEE,01/09/2023
67,2.71,2.15,2.4,0.241706802,NEE,01/09/2023
68,1.73,1.5,1.65,0.217537122,NEE,01/09/2023
69,1,1,1.1,0.208992285,NEE,01/09/2023
70,0.7,0.6,0.7,0.205330212,NEE,01/09/2023
71,0.4,0.35,0.45,0.208992285,NEE,01/09/2023
58,10.8,10.5,10.8,0.432622861,NEE,08/09/2023
64,5.4,4.8,5,0.27149166,NEE,08/09/2023
65,4.47,3.9,4.1,0.250739915,NEE,08/09/2023
67,2.65,2.35,2.5,0.221687471,NEE,08/09/2023
68,3.2,1.7,1.85,0.213875049,NEE,08/09/2023
69,1.24,1.15,1.3,0.206062627,NEE,08/09/2023
70,0.85,0.8,0.9,0.205086074,NEE,08/09/2023
71,0.52,0.5,0.6,0.20435366,NEE,08/09/2023
60,10.5,8.6,8.9,0.353033813,NEE,15/09/2023
62.5,6.7,6.3,6.5,0.293952373,NEE,15/09/2023
65,4,4,4.2,0.23926542,NEE,15/09/2023
67.5,2.2,2.25,2.35,0.216804707,NEE,15/09/2023
70,1.05,1,1.1,0.207527456,NEE,15/09/2023
72.5,0.35,0.35,0.45,0.208259871,NEE,15/09/2023
75,0.2,0.15,0.2,0.222664023,NEE,15/09/2023
77.5,0.1,0.05,0.1,0.241218525,NEE,15/09/2023
92.5,5.2,3.1,4.3,0.508793975,PM,18/08/2023
93,4.3,2.8,3.1,0.262702686,PM,18/08/2023
94,6,1.8,2.2,0.229988169,PM,18/08/2023
95,1.3,1.2,1.4,0.204597798,PM,18/08/2023
96,0.64,0.6,0.75,0.183601914,PM,18/08/2023
97,0.25,0.2,0.3,0.163582583,PM,18/08/2023
97.5,0.15,0.1,0.2,0.167000518,PM,18/08/2023
98,0.12,0.05,0.1,0.157723267,PM,18/08/2023
87.5,10.4,8,9.2,0.325446199,PM,15/09/2023
90,6.7,6.6,6.8,0.270515107,PM,15/09/2023
92.5,4.4,4.4,4.6,0.229011616,PM,15/09/2023
95,2.65,2.55,2.7,0.196541238,PM,15/09/2023
97.5,1.25,1.2,1.3,0.174080525,PM,15/09/2023
100,0.48,0.4,0.55,0.167488794,PM,15/09/2023
105,0.07,0.05,0.1,0.17871915,PM,15/09/2023
110,0.05,0,0.1,0.249030947,PM,15/09/2023
104,3.8,3.8,4.05,0.327643442,NKE,18/08/2023
105,2.99,3,3.2,0.308600664,NKE,18/08/2023
106,2.3,2.26,2.37,0.280768911,NKE,18/08/2023
107,1.54,1.61,1.71,0.272468213,NKE,18/08/2023
108,1.07,1.03,1.14,0.26074958,NKE,18/08/2023
109,0.67,0.63,0.71,0.252448882,NKE,18/08/2023
110,0.38,0.39,0.43,0.251472329,NKE,18/08/2023
111,0.24,0.22,0.24,0.249519224,NKE,18/08/2023
104,4.15,4.4,4.55,0.29834686,NKE,25/08/2023
105,3.6,3.6,3.8,0.290778577,NKE,25/08/2023
106,2.98,2.94,3.05,0.275642009,NKE,25/08/2023
107,2.35,2.34,2.38,0.263190962,NKE,25/08/2023
108,1.8,1.79,1.85,0.259528889,NKE,25/08/2023
109,1.3,1.34,1.38,0.253425435,NKE,25/08/2023
110,0.95,0.96,0.99,0.24732198,NKE,25/08/2023
111,0.67,0.67,0.73,0.249275085,NKE,25/08/2023
104,6,4.8,4.95,0.286139951,NKE,01/09/2023
105,6.2,4.05,4.2,0.276374424,NKE,01/09/2023
106,3.4,3.4,3.55,0.272468213,NKE,01/09/2023
107,2.8,2.75,2.93,0.265876482,NKE,01/09/2023
108,2.35,2.23,2.35,0.257331646,NKE,01/09/2023
109,1.79,1.75,1.87,0.25269302,NKE,01/09/2023
110,1.38,1.34,1.44,0.246345427,NKE,01/09/2023
111,1.08,1.02,1.11,0.244148184,NKE,01/09/2023
104,5.45,5,5.25,0.274787526,NKE,08/09/2023
105,4.5,4.3,4.45,0.260017166,NKE,08/09/2023
106,3.8,3.65,3.75,0.250984053,NKE,08/09/2023
107,3.05,3.05,3.15,0.246589565,NKE,08/09/2023
108,2.53,2.51,2.62,0.243659907,NKE,08/09/2023
109,2.06,2.01,2.17,0.242561285,NKE,08/09/2023
110,1.73,1.63,1.74,0.238288867,NKE,08/09/2023
111,1.3,1.28,1.38,0.235359209,NKE,08/09/2023
90,17.86,17.8,18.3,0.466313931,NKE,15/09/2023
95,12.54,15.35,15.5,0.615726499,NKE,15/09/2023
97.5,12.15,10.75,11,0.331061377,NKE,15/09/2023
100,8.55,8.4,8.8,0.307379973,NKE,15/09/2023
105,4.65,4.7,4.8,0.259895096,NKE,15/09/2023
110,2.02,2.04,2.06,0.237312314,NKE,15/09/2023
115,0.7,0.67,0.73,0.23389438,NKE,15/09/2023
120,0.22,0.22,0.24,0.240730249,NKE,15/09/2023
58,3.9,3.55,3.85,0.472661523,BMY,18/08/2023
59,2.63,2.43,2.9,0.406255938,BMY,18/08/2023
60,1.65,1.62,1.81,0.257819922,BMY,18/08/2023
61,0.8,0.85,0.97,0.212898496,BMY,18/08/2023
62,0.26,0.28,0.31,0.165047412,BMY,18/08/2023
62.5,0.12,0.12,0.16,0.164070859,BMY,18/08/2023
63,0.08,0.06,0.11,0.186531572,BMY,18/08/2023
64,0.03,0.02,0.03,0.195320547,BMY,18/08/2023
52,11.05,9.35,9.6,1.00E-05,BMY,25/08/2023
58,2.57,3.75,3.95,0.344733115,BMY,25/08/2023
59,3,2.69,2.98,0.289069609,BMY,25/08/2023
60,1.87,1.86,2.05,0.237800591,BMY,25/08/2023
61,1.25,1.19,1.25,0.204597798,BMY,25/08/2023
62,0.61,0.62,0.66,0.187019849,BMY,25/08/2023
63,0.28,0.29,0.3,0.179695703,BMY,25/08/2023
64,0.1,0.09,0.14,0.186531572,BMY,25/08/2023
58,3.34,3.7,4.1,0.315436533,BMY,01/09/2023
59,2.69,2.85,3.15,0.271003384,BMY,01/09/2023
60,2.04,2.04,2.41,0.263679238,BMY,01/09/2023
61,1.62,1.4,1.49,0.206550903,BMY,01/09/2023
62,0.86,0.82,0.95,0.200691587,BMY,01/09/2023
63,0.4,0.43,0.5,0.185066743,BMY,01/09/2023
64,0.22,0.21,0.25,0.180672256,BMY,01/09/2023
65,0.12,0.11,0.14,0.188484678,BMY,01/09/2023
52.5,9.78,9.35,9.55,0.445318047,BMY,15/09/2023
55,6.87,6.8,7.1,0.360846235,BMY,15/09/2023
57.5,4.4,4.55,4.7,0.280280635,BMY,15/09/2023
60,2.5,2.44,2.64,0.234382656,BMY,15/09/2023
62.5,0.95,1,1.04,0.193123303,BMY,15/09/2023
65,0.3,0.27,0.33,0.187996401,BMY,15/09/2023
67.5,0.08,0.08,0.1,0.1962971,BMY,15/09/2023
70,0.03,0.03,0.04,0.216804707,BMY,15/09/2023
83,3.41,3.35,3.55,0.26074958,RTX,18/08/2023
84,2.54,2.42,2.55,0.201179863,RTX,18/08/2023
85,1.57,1.49,1.63,0.169930176,RTX,18/08/2023
86,0.81,0.77,0.85,0.150399121,RTX,18/08/2023
87,0.34,0.3,0.35,0.145028081,RTX,18/08/2023
88,0.13,0.11,0.13,0.152840503,RTX,18/08/2023
89,0.06,0.04,0.06,0.173836387,RTX,18/08/2023
90,0.03,0.03,0.04,0.205086074,RTX,18/08/2023
82,4.95,4.4,4.6,0.225593682,RTX,25/08/2023
83,3.9,3.45,3.6,0.186531572,RTX,25/08/2023
84,2.51,2.47,2.64,0.15723499,RTX,25/08/2023
85,1.73,1.72,1.82,0.149422568,RTX,25/08/2023
86,1.12,1.08,1.17,0.149666707,RTX,25/08/2023
87,0.67,0.63,0.69,0.150399121,RTX,25/08/2023
88,0.37,0.33,0.38,0.153328779,RTX,25/08/2023
89,0.18,0.18,0.21,0.160164648,RTX,25/08/2023
83,3.85,3.55,3.75,0.1828695,RTX,01/09/2023
84,2.78,2.68,2.91,0.174568801,RTX,01/09/2023
85,1.99,2.01,2.16,0.168709485,RTX,01/09/2023
86,1.41,1.42,1.54,0.166756379,RTX,01/09/2023
87,1.03,0.95,1.04,0.164803274,RTX,01/09/2023
88,0.63,0.61,0.68,0.165779827,RTX,01/09/2023
89,0.38,0.39,0.43,0.167488794,RTX,01/09/2023
90,0.26,0.24,0.27,0.171395005,RTX,01/09/2023
82,6.05,4.55,4.8,0.195808823,RTX,08/09/2023
83,3.9,3.7,3.95,0.188972954,RTX,08/09/2023
84,3,2.93,3.15,0.181892947,RTX,08/09/2023
85,2.28,2.29,2.42,0.175057078,RTX,08/09/2023
86,1.7,1.68,1.82,0.173103972,RTX,08/09/2023
87,1.24,1.2,1.3,0.169441899,RTX,08/09/2023
88,0.84,0.84,0.9,0.167732932,RTX,08/09/2023
89,0.56,0.54,0.62,0.169197761,RTX,08/09/2023
65,21.45,21.3,21.55,0.488286367,RTX,15/09/2023
70,16.9,16.35,16.55,0.377935908,RTX,15/09/2023
75,11.2,11.35,11.6,0.29297582,RTX,15/09/2023
80,6.64,6.6,6.75,0.216316431,RTX,15/09/2023
85,2.65,2.66,2.74,0.18824054,RTX,15/09/2023
90,0.61,0.59,0.62,0.17871915,RTX,15/09/2023
95,0.12,0.12,0.13,0.198250205,RTX,15/09/2023
100,0.05,0.05,0.06,0.244148184,RTX,15/09/2023
112,3.71,3.8,4,0.306647559,ORCL,18/08/2023
113,2.91,2.97,3.15,0.28760478,ORCL,18/08/2023
114,2.32,2.23,2.39,0.274909595,ORCL,18/08/2023
115,1.62,1.6,1.7,0.259284751,ORCL,18/08/2023
116,1.02,1.07,1.16,0.252448882,ORCL,18/08/2023
117,0.7,0.68,0.74,0.245857151,ORCL,18/08/2023
118,0.4,0.4,0.47,0.248054395,ORCL,18/08/2023
119,0.22,0.23,0.28,0.248054395,ORCL,18/08/2023
112,4.24,4.55,4.75,0.313727566,ORCL,25/08/2023
113,3.92,3.8,4,0.303473762,ORCL,25/08/2023
114,3.28,3.2,3.3,0.293219958,ORCL,25/08/2023
115,2.62,2.62,2.67,0.284675122,ORCL,25/08/2023
116,2.1,2.07,2.14,0.280524773,ORCL,25/08/2023
117,1.62,1.61,1.67,0.275153733,ORCL,25/08/2023
118,1.18,1.25,1.29,0.272712351,ORCL,25/08/2023
119,0.97,0.94,0.97,0.269538555,ORCL,25/08/2023
112,5.02,5,5.25,0.303962039,ORCL,01/09/2023
113,2.82,4.3,4.5,0.292731682,ORCL,01/09/2023
114,2.63,3.7,3.85,0.287116504,ORCL,01/09/2023
115,2.95,3.1,3.25,0.281745464,ORCL,01/09/2023
116,2.66,2.58,2.72,0.278083391,ORCL,01/09/2023
117,2.19,2.18,2.22,0.271979937,ORCL,01/09/2023
118,1.85,1.69,1.83,0.271247522,ORCL,01/09/2023
119,1.36,1.34,1.45,0.266242689,ORCL,01/09/2023
112,4.05,5.4,5.65,0.296027548,ORCL,08/09/2023
113,4.4,4.8,4.95,0.289069609,ORCL,08/09/2023
114,4.23,4.15,4.35,0.287116504,ORCL,08/09/2023
115,3.5,3.5,3.65,0.273566835,ORCL,08/09/2023
116,3.1,2.98,3.2,0.276618562,ORCL,08/09/2023
117,2.53,2.52,2.66,0.268684071,ORCL,08/09/2023
118,2.21,2.17,2.23,0.265754413,ORCL,08/09/2023
119,1.81,1.79,1.82,0.260383373,ORCL,08/09/2023
100,16.85,16.7,16.9,0.485844985,ORCL,15/09/2023
105,12.5,12.35,12.5,0.433599414,ORCL,15/09/2023
110,8.55,8.5,8.65,0.40051869,ORCL,15/09/2023
115,5.45,5.4,5.5,0.376959355,ORCL,15/09/2023
120,3.15,3.15,3.2,0.362066926,ORCL,15/09/2023
125,1.66,1.68,1.73,0.355353126,ORCL,15/09/2023
130,0.83,0.82,0.88,0.353277952,ORCL,15/09/2023
135,0.45,0.44,0.46,0.360357959,ORCL,15/09/2023
42,1.88,1.77,1.91,0.367193828,WFC,18/08/2023
42.5,1.34,1.33,1.45,0.323248955,WFC,18/08/2023
43,0.85,0.91,0.98,0.261726133,WFC,18/08/2023
43.5,0.51,0.57,0.62,0.241218525,WFC,18/08/2023
44,0.33,0.32,0.33,0.218757812,WFC,18/08/2023
44.5,0.15,0.15,0.17,0.219734365,WFC,18/08/2023
45,0.08,0.06,0.07,0.212898496,WFC,18/08/2023
45.5,0.03,0.03,0.04,0.232429551,WFC,18/08/2023
42,2.05,1.98,2.05,0.300788242,WFC,25/08/2023
42.5,1.66,1.57,1.63,0.280280635,WFC,25/08/2023
43,1.17,1.2,1.23,0.256843369,WFC,25/08/2023
43.5,0.8,0.87,0.9,0.245124736,WFC,25/08/2023
44,0.54,0.6,0.62,0.23389438,WFC,25/08/2023
44.5,0.38,0.38,0.4,0.224617129,WFC,25/08/2023
45,0.23,0.23,0.25,0.220710918,WFC,25/08/2023
45.5,0.16,0.13,0.15,0.219734365,WFC,25/08/2023
37,7.59,6.75,7.05,0.511723633,WFC,01/09/2023
41,3.2,3,3.1,0.335944141,WFC,01/09/2023
42,2.04,2.12,2.27,0.30908894,WFC,01/09/2023
43,1.83,1.41,1.5,0.276374424,WFC,01/09/2023
44,0.82,0.81,0.85,0.244148184,WFC,01/09/2023
45,0.4,0.4,0.44,0.232429551,WFC,01/09/2023
46,0.17,0.18,0.22,0.233406104,WFC,01/09/2023
47,0.09,0.08,0.1,0.234382656,WFC,01/09/2023
30,15.5,13.7,13.95,0.751955605,WFC,08/09/2023
40,5.56,4,4.15,0.36963521,WFC,08/09/2023
41,3.18,3.1,3.25,0.33203793,WFC,08/09/2023
42,2.39,2.27,2.38,0.291999268,WFC,08/09/2023
43,1.65,1.55,1.63,0.265144067,WFC,08/09/2023
44,0.98,0.98,1.02,0.245124736,WFC,08/09/2023
45,0.56,0.54,0.58,0.232185413,WFC,08/09/2023
46,0.28,0.27,0.3,0.224617129,WFC,08/09/2023
35,9.01,8.9,9.1,0.546879531,WFC,15/09/2023
37.5,6.4,6.45,6.65,0.473638076,WFC,15/09/2023
40,4.3,4.15,4.25,0.357428301,WFC,15/09/2023
42.5,2.15,2.13,2.19,0.287848918,WFC,15/09/2023
45,0.73,0.72,0.74,0.239021282,WFC,15/09/2023
47.5,0.15,0.15,0.17,0.226570234,WFC,15/09/2023
50,0.04,0.04,0.05,0.248054395,WFC,15/09/2023
52.5,0.02,0.02,0.03,0.29297582,WFC,15/09/2023
